0.129000 0.546000 0.571000 0.464000 0.002000 0.344000 0.932000 0.544000 0.286000 0.287000 0.797000 0.099000 0.472000 0.877000 0.957000 0.731000 0.720000 0.837000 0.820000 0.999000 0.342000 0.633000 0.497000 0.710000 0.189000 0.004000 0.641000 0.215000 0.147000 0.452000 0.335000 0.690000 0.515000 0.145000 0.672000 0.906000 0.134000 0.546000 0.447000 0.928000 0.452000 0.431000 0.999000 0.445000 0.545000 0.472000 0.311000 0.925000 0.103000 0.571000 0.332000 0.008000 0.774000 0.932000 0.679000 0.333000 0.439000 0.062000 0.814000 0.498000 0.178000 0.570000 0.848000 0.114000 0.564000 0.694000 0.931000 0.926000 0.277000 0.957000 0.651000 0.437000 0 89 72 1 28 71 91 51 0 68 7 42 29 55 79 28 20 75 12 51 67 88 40 24 62 16 73 59 56 50 62 81 25 51 23 57 244 19 output 5 6 32 14 | 13 26 29 17 28 36 | 9 34 8 4 22 30 | 25 | 16 23 2 21 | 3 15 31 19 | 18 10 27 33 | 11 12 7 20 24 35
0.102000 0.084000 0.876000 0.571000 0.928000 0.260000 0.324000 0.930000 0.884000 0.357000 0.227000 0.982000 0.922000 0.971000 0.406000 0.705000 0.142000 0.848000 0.669000 0.490000 0.369000 0.909000 0.302000 0.177000 0.640000 0.440000 0.930000 0.284000 0.327000 0.226000 0.513000 0.449000 0.961000 0.728000 0.456000 0.902000 0.071000 0.035000 0.131000 0.424000 0.441000 0.766000 0.133000 0.403000 0.084000 0.223000 0.773000 0.010000 0.306000 0.592000 0.608000 0.144000 0.266000 0.664000 0.617000 0.000000 0.691000 0.310000 0.231000 0.089000 0.106000 0.569000 0.506000 0.733000 0.927000 0.512000 0.733000 0.449000 0.440000 0.374000 0.105000 0.168000 0 82 84 3 54 35 80 4 20 59 44 3 91 70 49 83 67 20 0 32 95 87 59 98 28 60 83 28 9 94 27 24 88 73 40 70 264 27 output 32 7 17 2 29 | 31 9 6 4 11 18 21 8 | 13 33 3 | 27 25 16 35 | 36 22 20 23 | 19 28 24 26 15 | 30 | 10 34 5 14 12
0.384000 0.011000 0.644000 0.797000 0.113000 0.078000 0.665000 0.465000 0.780000 0.691000 0.186000 0.391000 0.393000 0.959000 0.837000 0.819000 0.402000 0.522000 0.622000 0.276000 0.548000 0.406000 0.386000 0.256000 0.807000 0.080000 0.866000 0.889000 0.142000 0.873000 0.505000 0.331000 0.334000 0.407000 0.635000 0.566000 0.060000 0.261000 0.216000 0.104000 0.534000 0.017000 0.476000 0.576000 0.324000 0.691000 0.198000 0.114000 0.805000 0.924000 0.560000 0.240000 0.109000 0.047000 0.975000 0.442000 0.019000 0.363000 0.217000 0.698000 0.473000 0.491000 0.989000 0.670000 0.436000 0.990000 0.449000 0.797000 0.317000 0.263000 0.209000 0.488000 0 73 52 59 29 16 64 16 19 41 70 40 78 91 36 91 48 68 12 73 18 87 71 13 21 98 35 80 54 30 36 81 79 67 12 98 266 28 output 24 20 | 27 3 19 29 36 35 | 11 18 4 10 | 34 33 7 15 6 | 21 13 28 32 | 17 30 23 22 9 | 5 8 14 25 2 31 | 12 16 26
0.054000 0.908000 0.287000 0.196000 0.573000 0.904000 0.889000 0.589000 0.763000 0.456000 0.412000 0.371000 0.436000 0.667000 0.410000 0.724000 0.965000 0.376000 0.492000 0.137000 0.844000 0.570000 0.418000 0.425000 0.866000 0.776000 0.641000 0.060000 0.133000 0.614000 0.729000 0.088000 0.644000 0.581000 0.361000 0.659000 0.164000 0.849000 0.695000 0.269000 0.355000 0.351000 0.352000 0.769000 0.569000 0.735000 0.142000 0.726000 0.478000 0.815000 0.940000 0.316000 0.397000 0.996000 0.545000 0.950000 0.234000 0.238000 0.234000 0.407000 0.570000 0.450000 0.470000 0.490000 0.584000 0.513000 0.290000 0.844000 0.114000 0.320000 0.926000 0.872000 0 71 33 5 9 81 63 91 92 24 41 92 81 28 40 3 0 78 56 5 50 66 99 23 80 66 8 53 55 47 43 30 58 52 35 72 248 21 output 19 | 10 14 16 20 26 9 5 17 | 32 31 33 7 34 | 18 8 22 | 35 29 2 30 15 | 24 21 6 12 | 3 36 13 4 11 | 25 23 28 27
0.934000 0.428000 0.736000 0.826000 0.396000 0.438000 0.106000 0.148000 0.938000 0.700000 0.449000 0.441000 0.365000 0.427000 0.530000 0.324000 0.263000 0.545000 0.918000 0.496000 0.889000 0.861000 0.899000 0.761000 0.983000 0.445000 0.984000 0.244000 0.316000 0.393000 0.383000 0.309000 0.122000 0.546000 0.237000 0.971000 0.679000 0.404000 0.004000 0.259000 0.947000 0.956000 0.019000 0.715000 0.503000 0.875000 0.555000 0.111000 0.128000 0.547000 0.933000 0.187000 0.103000 0.902000 0.940000 0.639000 0.132000 0.961000 0.581000 0.994000 0.693000 0.565000 0.196000 0.583000 0.602000 0.656000 0.562000 0.055000 0.288000 0.458000 0.943000 0.680000 0 62 26 73 4 55 30 81 26 42 54 39 38 15 66 91 87 22 8 60 13 49 38 32 68 23 91 77 13 36 51 96 99 16 16 10 230 22 output 19 6 8 24 34 26 14 | 10 12 11 28 | 23 27 29 18 30 21 5 36 | 32 20 4 | 22 17 25 9 | 16 15 35 7 3 | 31 33 2 | 13
0.360000 0.418000 0.930000 0.690000 0.142000 0.036000 0.415000 0.119000 0.553000 0.330000 0.432000 0.181000 0.502000 0.614000 0.348000 0.975000 0.701000 0.245000 0.022000 0.033000 0.796000 0.672000 0.234000 0.601000 0.071000 0.401000 0.831000 0.534000 0.874000 0.160000 0.460000 0.068000 0.688000 0.172000 0.573000 0.670000 0.168000 0.857000 0.873000 0.568000 0.869000 0.229000 0.930000 0.453000 0.263000 0.330000 0.668000 0.187000 0.801000 0.147000 0.592000 0.965000 0.749000 0.216000 0.771000 0.240000 0.664000 0.873000 0.290000 0.579000 0.162000 0.470000 0.301000 0.651000 0.621000 0.319000 0.037000 0.200000 0.454000 0.194000 0.561000 0.494000 0 42 11 45 90 12 73 23 39 46 95 79 11 42 81 22 93 57 91 12 50 65 0 10 32 17 45 27 36 38 25 27 19 95 88 79 231 22 output 14 20 2 11 | 31 13 34 10 3 23 | 6 4 16 35 | 25 15 21 22 | 18 29 26 8 19 | 7 32 12 30 | 9 28 27 17 24 | 36 33 5
0.676000 0.925000 0.787000 0.265000 0.072000 0.521000 0.801000 0.730000 0.078000 0.535000 0.118000 0.813000 0.756000 0.424000 0.174000 0.852000 0.937000 0.300000 0.673000 0.625000 0.140000 0.656000 0.482000 0.752000 0.392000 0.147000 0.516000 0.326000 0.395000 0.857000 0.321000 0.712000 0.681000 0.252000 0.803000 0.340000 0.189000 0.693000 0.402000 0.629000 0.239000 0.972000 0.843000 0.493000 0.312000 0.872000 0.106000 0.223000 0.211000 0.013000 0.713000 0.058000 0.672000 0.135000 0.283000 0.546000 0.300000 0.657000 0.677000 0.667000 0.189000 0.312000 0.493000 0.759000 0.099000 0.169000 0.826000 0.110000 0.836000 0.268000 0.611000 0.889000 0 13 40 82 96 10 75 38 0 30 98 85 78 59 69 96 25 74 75 44 62 42 86 0 85 68 54 4 75 49 44 53 80 10 60 29 270 28 output 22 9 35 2 18 7 | 20 28 3 5 29 | 31 24 33 25 14 | 19 11 16 | 4 30 12 32 | 21 6 8 23 15 | 13 27 26 34 17 10 | 36
0.695000 0.359000 0.120000 0.247000 0.691000 0.418000 0.461000 0.123000 0.351000 0.952000 0.961000 0.006000 0.156000 0.392000 0.267000 0.688000 0.457000 0.960000 0.790000 0.856000 0.227000 0.912000 0.333000 0.756000 0.112000 0.440000 0.084000 0.711000 0.012000 0.787000 0.973000 0.292000 0.602000 0.222000 0.043000 0.626000 0.808000 0.619000 0.615000 0.983000 0.898000 0.077000 0.473000 0.118000 0.052000 0.168000 0.451000 0.296000 0.614000 0.033000 0.811000 0.346000 0.009000 0.683000 0.756000 0.290000 0.119000 0.806000 0.887000 0.348000 0.072000 0.298000 0.841000 0.882000 0.214000 0.419000 0.687000 0.346000 0.762000 0.496000 0.941000 0.621000 0 8 30 89 48 62 9 99 58 38 59 11 13 77 98 65 99 21 48 91 33 85 69 90 85 23 83 77 68 50 35 57 43 29 87 23 280 26 output 18 27 15 14 | 28 17 34 | 12 9 20 10 32 36 | 21 6 16 30 26 | 24 2 23 31 13 7 33 | 5 11 29 8 | 25 22 4 | 3 19 35
0.128000 0.673000 0.759000 0.536000 0.906000 0.520000 0.070000 0.835000 0.118000 0.007000 0.514000 0.446000 0.714000 0.528000 0.938000 0.066000 0.401000 0.022000 0.758000 0.874000 0.879000 0.359000 0.749000 0.699000 0.359000 0.918000 0.557000 0.549000 0.382000 0.542000 0.980000 0.072000 0.598000 0.599000 0.126000 0.956000 0.813000 0.378000 0.499000 0.533000 0.696000 0.082000 0.190000 0.798000 0.274000 0.234000 0.338000 0.710000 0.260000 0.608000 0.502000 0.316000 0.177000 0.179000 0.485000 0.152000 0.202000 0.708000 0.537000 0.718000 0.528000 0.118000 0.289000 0.758000 0.480000 0.441000 0.409000 0.449000 0.004000 0.032000 0.521000 0.016000 0 11 20 20 39 17 44 16 30 79 86 64 58 19 72 44 69 56 75 89 33 21 7 46 75 8 20 60 96 34 27 8 25 34 33 63 214 22 output 33 7 12 10 | 23 28 21 8 16 26 34 | 25 15 24 32 | 20 14 17 30 | 27 35 5 9 36 31 | 4 18 13 22 | 29 | 6 19 11 3 2
0.747000 0.928000 0.974000 0.392000 0.698000 0.277000 0.252000 0.326000 0.332000 0.671000 0.505000 0.336000 0.397000 0.123000 0.178000 0.528000 0.573000 0.672000 0.411000 0.113000 0.016000 0.852000 0.371000 0.334000 0.830000 0.494000 0.659000 0.003000 0.896000 0.928000 0.722000 0.204000 0.447000 0.607000 0.231000 0.431000 0.386000 0.370000 0.100000 0.440000 0.587000 0.400000 0.905000 0.791000 0.995000 0.523000 0.576000 0.331000 0.147000 0.431000 0.376000 0.331000 0.038000 0.087000 0.338000 0.413000 0.008000 0.767000 0.582000 0.109000 0.634000 0.493000 0.170000 0.061000 0.160000 0.867000 0.123000 0.614000 0.928000 0.631000 0.243000 0.151000 0 26 75 64 48 84 98 5 97 0 90 87 2 8 77 58 29 96 76 89 80 42 64 81 17 57 37 76 13 26 68 78 79 54 63 5 279 20 output 33 11 29 34 17 | 21 24 9 | 12 36 32 27 4 | 18 25 20 8 5 | 6 7 10 30 14 16 13 | 28 26 19 31 | 15 | 3 2 23 35 22
0.476000 0.028000 0.444000 0.963000 0.880000 0.577000 0.548000 0.217000 0.021000 0.546000 0.936000 0.997000 0.928000 0.518000 0.308000 0.880000 0.917000 0.702000 0.034000 0.885000 0.766000 0.055000 0.318000 0.962000 0.280000 0.936000 0.559000 0.726000 0.769000 0.784000 0.198000 0.755000 0.848000 0.952000 0.584000 0.342000 0.223000 0.507000 0.034000 0.553000 0.464000 0.391000 0.747000 0.471000 0.659000 0.115000 0.360000 0.768000 0.706000 0.571000 0.597000 0.401000 0.179000 0.957000 0.861000 0.095000 0.110000 0.381000 0.049000 0.791000 0.267000 0.679000 0.658000 0.004000 0.035000 0.703000 0.976000 0.592000 0.778000 0.893000 0.281000 0.969000 0 10 81 6 6 6 4 30 11 0 90 92 78 9 39 3 9 7 22 39 98 18 61 10 19 27 24 55 35 70 0 49 43 25 44 60 169 26 output 11 28 | 21 19 29 | 32 23 | 7 34 9 6 17 35 15 25 | 3 22 26 18 4 | 31 16 10 27 36 13 | 5 20 33 30 | 24 8 12 2 14
0.560000 0.155000 0.526000 0.277000 0.467000 0.421000 0.299000 0.819000 0.845000 0.748000 0.234000 0.759000 0.439000 0.666000 0.747000 0.158000 0.181000 0.773000 0.848000 0.673000 0.969000 0.039000 0.511000 0.486000 0.422000 0.695000 0.276000 0.692000 0.349000 0.266000 0.028000 0.158000 0.525000 0.148000 0.485000 0.257000 0.268000 0.239000 0.423000 0.671000 0.664000 0.244000 0.881000 0.127000 0.223000 0.119000 0.422000 0.594000 0.360000 0.098000 0.409000 0.378000 0.244000 0.853000 0.417000 0.002000 0.430000 0.296000 0.307000 0.900000 0.817000 0.702000 0.595000 0.991000 0.283000 0.382000 0.668000 0.262000 0.537000 0.467000 0.740000 0.063000 0 76 86 83 0 12 19 77 74 12 69 31 63 83 14 3 26 4 47 80 71 79 97 77 50 12 85 51 0 32 88 7 47 66 13 79 245 27 output 21 34 8 | 4 9 14 | 35 12 3 26 33 19 | 18 29 6 27 30 32 5 31 10 | 7 13 20 24 | 2 | 15 16 23 25 28 17 | 22 11 36
0.310000 0.059000 0.914000 0.201000 0.658000 0.683000 0.254000 0.731000 0.909000 0.480000 0.885000 0.657000 0.481000 0.056000 0.602000 0.568000 0.004000 0.299000 0.748000 0.179000 0.883000 0.519000 0.682000 0.061000 0.774000 0.177000 0.591000 0.026000 0.328000 0.193000 0.283000 0.229000 0.568000 0.639000 0.295000 0.769000 0.967000 0.399000 0.807000 0.710000 0.484000 0.548000 0.482000 0.681000 0.597000 0.234000 0.452000 0.943000 0.827000 0.594000 0.839000 0.130000 0.421000 0.683000 0.333000 0.255000 0.937000 0.615000 0.340000 0.553000 0.033000 0.118000 0.776000 0.981000 0.930000 0.700000 0.376000 0.832000 0.471000 0.564000 0.558000 0.290000 0 54 1 85 84 32 53 21 38 62 58 27 84 21 95 95 98 82 96 70 90 3 43 10 1 46 99 19 50 60 54 96 44 64 0 86 275 25 output 31 9 16 | 36 23 13 10 | 19 2 26 12 14 | 5 11 29 33 6 25 | 28 30 17 21 | 7 15 | 4 18 27 | 35 22 34 24 32 20 3 8
0.722000 0.961000 0.869000 0.215000 0.389000 0.747000 0.142000 0.113000 0.348000 0.638000 0.546000 0.396000 0.709000 0.110000 0.083000 0.155000 0.297000 0.405000 0.544000 0.099000 0.751000 0.353000 0.468000 0.878000 0.138000 0.467000 0.812000 0.141000 0.272000 0.469000 0.447000 0.594000 0.768000 0.815000 0.151000 0.344000 0.115000 0.648000 0.761000 0.665000 0.169000 0.731000 0.475000 0.087000 0.661000 0.946000 0.111000 0.387000 0.190000 0.278000 0.174000 0.057000 0.858000 0.213000 0.060000 0.163000 0.147000 0.096000 0.539000 0.445000 0.871000 0.725000 0.270000 0.284000 0.321000 0.965000 0.499000 0.034000 0.084000 0.050000 0.875000 0.769000 0 5 78 54 78 98 60 70 78 37 26 0 89 61 21 51 66 62 77 94 79 54 9 59 66 55 63 59 87 44 17 39 6 50 67 34 271 21 output 32 35 26 34 22 | 11 10 7 14 27 2 31 | 9 25 18 24 33 | 12 21 19 13 15 | 17 | 36 20 6 30 | 16 5 3 23 | 29 4 8 28
0.065000 0.824000 0.710000 0.879000 0.461000 0.148000 0.136000 0.373000 0.294000 0.751000 0.990000 0.336000 0.474000 0.037000 0.383000 0.767000 0.615000 0.435000 0.726000 0.854000 0.528000 0.083000 0.012000 0.142000 0.462000 0.735000 0.670000 0.737000 0.531000 0.706000 0.842000 0.099000 0.547000 0.377000 0.043000 0.052000 0.595000 0.472000 0.973000 0.074000 0.758000 0.295000 0.218000 0.440000 0.689000 0.624000 0.367000 0.482000 0.054000 0.484000 0.410000 0.386000 0.659000 0.721000 0.718000 0.575000 0.261000 0.909000 0.034000 0.959000 0.821000 0.339000 0.056000 0.795000 0.807000 0.980000 0.269000 0.465000 0.898000 0.482000 0.681000 0.747000 0 34 62 96 32 77 16 14 73 83 62 18 33 20 7 60 91 48 49 50 6 55 17 71 17 33 0 34 54 28 84 64 92 91 59 1 233 18 output 27 14 36 10 2 33 | 30 29 5 34 | 28 6 20 16 21 | 4 22 24 | 9 31 35 23 | 25 12 18 7 11 3 | 26 17 19 15 13 8 | 32
0.972000 0.333000 0.893000 0.134000 0.444000 0.457000 0.601000 0.584000 0.241000 0.623000 0.379000 0.628000 0.603000 0.570000 0.540000 0.847000 0.334000 0.156000 0.727000 0.274000 0.144000 0.552000 0.707000 0.518000 0.254000 0.180000 0.788000 0.784000 0.861000 0.418000 0.319000 0.855000 0.120000 0.117000 0.444000 0.713000 0.584000 0.745000 0.328000 0.254000 0.534000 0.630000 0.239000 0.835000 0.028000 0.373000 0.387000 0.996000 0.440000 0.529000 0.917000 0.297000 0.998000 0.190000 0.969000 0.743000 0.856000 0.031000 0.567000 0.147000 0.030000 0.371000 0.202000 0.632000 0.961000 0.541000 0.501000 0.164000 0.148000 0.959000 0.716000 0.941000 0 29 40 75 95 68 23 85 56 10 93 60 99 87 52 16 23 73 85 94 79 48 51 62 10 85 44 56 60 79 18 36 43 25 3 20 269 18 output 25 5 6 21 | 20 13 9 10 | 26 | 17 31 23 11 32 3 | 28 14 12 15 | 8 19 4 7 | 33 36 24 35 22 16 18 | 34 30 29 2 27
0.439000 0.417000 0.676000 0.464000 0.605000 0.742000 0.623000 0.064000 0.383000 0.481000 0.941000 0.975000 0.262000 0.556000 0.339000 0.761000 0.240000 0.474000 0.948000 0.534000 0.457000 0.816000 0.840000 0.745000 0.187000 0.252000 0.171000 0.435000 0.639000 0.068000 0.896000 0.872000 0.856000 0.972000 0.702000 0.717000 0.442000 0.848000 0.045000 0.168000 0.973000 0.768000 0.542000 0.014000 0.112000 0.017000 0.369000 0.212000 0.150000 0.902000 0.384000 0.619000 0.230000 0.299000 0.851000 0.160000 0.312000 0.721000 0.690000 0.548000 0.177000 0.324000 0.340000 0.986000 0.667000 0.772000 0.220000 0.000000 0.309000 0.258000 0.726000 0.297000 0.121000 0.567000 0.375000 0.932000 0.726000 0.647000 0.616000 0.891000 0 21 39 86 59 11 21 49 13 93 63 14 51 98 8 86 43 88 29 35 10 93 56 92 27 47 20 25 13 4 71 11 64 77 84 42 82 2 69 13 232 26 output 22 4 15 28 | 2 30 39 10 36 | 11 19 40 3 18 | 34 23 20 13 | 5 | 33 17 6 16 21 12 | 27 31 14 9 7 | 26 29 8 38 32 25 37 | 24 35
0.398000 0.950000 0.566000 0.135000 0.444000 0.117000 0.336000 0.520000 0.406000 0.998000 0.331000 0.162000 0.138000 0.578000 0.209000 0.771000 0.523000 0.101000 0.107000 0.808000 0.839000 0.079000 0.198000 0.936000 0.204000 0.264000 0.663000 0.459000 0.840000 0.764000 0.327000 0.289000 0.684000 0.118000 0.259000 0.761000 0.055000 0.126000 0.623000 0.391000 0.712000 0.781000 0.352000 0.675000 0.869000 0.656000 0.177000 0.006000 0.339000 0.540000 0.549000 0.813000 0.738000 0.432000 0.013000 0.953000 0.138000 0.156000 0.837000 0.536000 0.891000 0.808000 0.283000 0.021000 0.221000 0.350000 0.440000 0.576000 0.911000 0.198000 0.172000 0.482000 0.970000 0.959000 0.663000 0.277000 0.474000 0.265000 0.966000 0.714000 0 28 79 29 74 85 13 41 2 42 84 63 14 27 48 86 24 2 4 58 7 70 2 58 26 91 25 24 60 18 21 34 7 77 66 5 65 34 65 4 201 20 output 39 2 9 3 25 | 12 28 10 8 | 15 40 23 30 27 38 20 | 6 16 4 | 5 | 18 7 36 33 13 29 19 24 32 | 26 21 31 37 | 17 11 35 14 | 34 22
0.886000 0.111000 0.745000 0.369000 0.709000 0.504000 0.517000 0.194000 0.858000 0.253000 0.727000 0.402000 0.736000 0.553000 0.602000 0.476000 0.906000 0.244000 0.472000 0.367000 0.424000 0.611000 0.785000 0.372000 0.856000 0.283000 0.747000 0.902000 0.610000 0.654000 0.013000 0.004000 0.966000 0.518000 0.479000 0.978000 1.000000 0.477000 0.007000 0.545000 0.886000 0.530000 0.603000 0.045000 0.491000 0.809000 0.468000 0.940000 0.208000 0.116000 0.504000 0.472000 0.726000 0.226000 0.822000 0.672000 0.772000 0.653000 0.471000 0.290000 0.190000 0.834000 0.047000 0.776000 0.897000 0.113000 0.190000 0.223000 0.456000 0.977000 0.143000 0.478000 0.551000 0.094000 0.686000 0.582000 0.740000 0.912000 0.779000 0.274000 0 85 16 16 81 49 12 43 81 77 76 0 50 32 68 79 58 60 35 94 56 75 56 16 2 56 24 97 1 71 84 56 48 56 15 49 19 47 94 70 257 16 output 40 2 3 6 27 | 30 10 26 8 | 36 20 32 23 | 24 18 35 31 11 | 4 34 16 25 37 22 | 21 28 17 19 | 29 14 39 15 38 7 12 | 5 13 9 | 33
0.008000 0.658000 0.707000 0.465000 0.957000 0.575000 0.272000 0.164000 0.193000 0.721000 0.528000 0.046000 0.457000 0.428000 0.617000 0.449000 0.186000 0.314000 0.773000 0.156000 0.973000 0.774000 0.640000 0.413000 0.504000 0.174000 0.045000 0.728000 0.828000 0.146000 0.565000 0.902000 0.523000 0.738000 0.384000 0.646000 0.206000 0.888000 0.497000 0.269000 0.323000 0.676000 0.534000 0.042000 0.729000 0.969000 0.657000 0.999000 0.584000 0.118000 0.789000 0.575000 0.528000 0.748000 0.924000 0.706000 0.568000 0.659000 0.159000 0.286000 0.874000 0.588000 0.992000 0.029000 0.127000 0.223000 0.039000 0.900000 0.113000 0.396000 0.446000 0.000000 0.218000 0.595000 0.593000 0.474000 0.186000 0.055000 0.537000 0.707000 0 77 8 17 68 91 47 35 2 66 60 73 18 94 75 30 29 15 37 32 51 80 84 61 60 14 22 69 91 82 91 99 9 3 12 91 89 26 44 24 254 24 output 34 19 16 24 23 27 18 | 35 10 32 15 | 38 8 2 12 20 | 14 5 37 | 26 31 3 28 11 | 9 4 36 39 33 30 | 13 25 22 6 | 7 29 40 17 21
0.845000 0.124000 0.971000 0.348000 0.137000 0.950000 0.686000 0.235000 0.998000 0.031000 0.963000 0.994000 0.631000 0.567000 0.242000 0.210000 0.850000 0.937000 0.667000 0.451000 0.038000 0.479000 0.627000 0.609000 0.768000 0.109000 0.546000 0.907000 0.586000 0.150000 0.963000 0.775000 0.909000 0.285000 0.882000 0.480000 0.638000 0.988000 0.471000 0.340000 0.512000 0.856000 0.054000 0.562000 0.614000 0.598000 0.272000 0.377000 0.817000 0.554000 0.840000 0.117000 0.282000 0.328000 0.851000 0.541000 0.189000 0.939000 0.764000 0.599000 0.338000 0.671000 0.999000 0.025000 0.978000 0.521000 0.660000 0.624000 0.578000 0.032000 0.178000 0.215000 0.032000 0.962000 0.353000 0.460000 0.131000 0.906000 0.373000 0.181000 0 88 40 63 70 39 4 89 25 29 84 72 62 17 10 54 18 15 47 30 80 76 55 19 48 85 7 10 83 9 38 23 32 84 47 95 79 21 46 66 239 29 output 26 | 30 19 14 21 29 | 27 24 11 22 38 20 | 13 15 40 4 | 17 2 5 32 | 7 23 12 34 | 33 16 6 9 25 28 18 | 35 36 8 | 31 39 37 3 10
0.531000 0.642000 0.147000 0.379000 0.753000 0.087000 0.681000 0.680000 0.633000 0.517000 0.586000 0.897000 0.308000 0.969000 0.871000 0.841000 0.926000 0.626000 0.744000 0.371000 0.898000 0.297000 0.717000 0.527000 0.577000 0.494000 0.750000 0.889000 0.148000 0.139000 0.064000 0.984000 0.422000 0.145000 0.303000 0.214000 0.961000 0.039000 0.933000 0.062000 0.532000 0.406000 0.046000 0.778000 0.937000 0.283000 0.737000 0.009000 0.886000 0.954000 0.413000 0.182000 0.260000 0.038000 0.434000 0.282000 0.020000 0.594000 0.954000 0.817000 0.837000 0.533000 0.562000 0.562000 0.137000 0.590000 0.248000 0.804000 0.108000 0.617000 0.966000 0.980000 0.066000 0.583000 0.310000 0.374000 0.119000 0.452000 0.895000 0.262000 0 86 50 90 75 85 92 79 82 25 50 48 43 24 77 0 2 74 25 76 29 47 78 39 48 32 47 77 19 32 77 41 14 1 27 28 62 58 20 67 247 28 output 30 36 25 14 6 | 10 20 19 24 3 21 | 12 11 23 40 | 7 16 22 29 37 35 | 32 13 5 | 8 9 31 | 38 18 26 28 | 17 27 15 2 39 33 34 | 4
0.932000 0.647000 0.081000 0.777000 0.050000 0.360000 0.407000 0.671000 0.349000 0.283000 0.777000 0.601000 0.639000 0.639000 0.901000 0.751000 0.396000 0.131000 0.162000 0.657000 0.770000 0.396000 0.111000 0.518000 0.791000 0.059000 0.778000 0.321000 0.802000 0.719000 0.280000 0.746000 0.165000 0.058000 0.733000 0.007000 0.208000 0.312000 0.718000 0.112000 0.128000 0.551000 0.786000 0.730000 0.952000 0.499000 0.733000 0.623000 0.723000 0.665000 0.538000 0.638000 0.381000 0.083000 0.786000 0.298000 0.768000 0.436000 0.649000 0.091000 0.658000 0.398000 0.951000 0.624000 0.465000 0.062000 0.751000 0.000000 0.891000 0.007000 0.061000 0.154000 0.853000 0.905000 0.692000 0.694000 0.089000 0.545000 0.306000 0.787000 0 41 28 13 93 36 92 17 53 36 91 9 20 77 67 78 10 52 11 30 21 75 30 13 68 82 2 87 17 69 89 62 37 37 93 29 56 65 53 35 241 21 output 30 33 9 27 17 36 3 19 | 26 16 2 40 | 25 38 7 24 | 14 28 23 | 4 10 21 39 12 5 | 29 11 31 6 | 15 22 37 8 | 35 13 34 18 20 | 32
0.906000 0.463000 0.869000 0.898000 0.350000 0.582000 0.104000 0.407000 0.553000 0.236000 0.145000 0.157000 0.727000 0.750000 0.858000 0.916000 0.148000 0.578000 0.741000 0.700000 0.476000 0.924000 0.297000 0.010000 0.082000 0.317000 0.336000 0.209000 0.403000 0.919000 0.700000 0.715000 0.481000 0.724000 0.184000 0.678000 0.336000 0.627000 0.480000 0.313000 0.020000 0.173000 0.862000 0.693000 0.557000 0.180000 0.986000 0.256000 0.973000 0.862000 0.947000 0.324000 0.823000 0.188000 0.466000 0.803000 0.296000 0.845000 0.224000 0.680000 0.098000 0.638000 0.170000 0.043000 0.091000 0.000000 0.474000 0.324000 0.399000 0.530000 0.528000 0.535000 0.057000 0.171000 0.263000 0.994000 0.269000 0.949000 0.857000 0.034000 0 43 56 85 9 0 77 81 35 98 40 7 99 90 28 70 47 63 61 33 8 33 15 9 55 43 74 31 37 48 58 33 48 11 7 94 37 30 68 35 231 27 output 26 24 27 40 23 5 20 34 | 29 39 38 15 11 | 16 8 2 22 | 14 6 37 21 33 32 12 | 19 30 18 31 | 10 7 25 | 35 9 4 13 | 36 3 17 28
0.492000 0.188000 0.770000 0.259000 0.247000 0.253000 0.554000 0.206000 0.866000 0.489000 0.326000 0.263000 0.737000 0.602000 0.052000 0.444000 0.650000 0.944000 0.720000 0.740000 0.305000 0.141000 0.285000 0.321000 0.983000 0.795000 0.756000 0.991000 0.647000 0.801000 0.716000 0.484000 0.705000 0.327000 0.254000 0.329000 0.520000 0.713000 0.562000 0.296000 0.158000 0.752000 0.144000 0.966000 0.504000 0.487000 0.541000 0.055000 0.688000 0.538000 0.153000 0.565000 0.437000 0.445000 0.154000 0.469000 0.697000 0.729000 0.741000 0.983000 0.786000 0.483000 0.754000 0.358000 0.244000 0.788000 0.656000 0.749000 0.086000 0.086000 0.413000 0.916000 0.545000 0.715000 0.473000 0.876000 0.198000 0.240000 0.207000 0.112000 0 63 96 26 71 1 66 67 4 20 22 23 77 93 1 37 43 78 14 91 69 9 98 62 9 8 50 75 67 72 89 35 83 66 70 96 71 67 92 96 280 16 output 24 3 18 12 6 | 25 7 29 34 37 | 4 2 23 20 | 39 35 40 11 | 28 8 26 21 27 | 13 14 30 9 15 10 | 16 31 5 32 17 | 33 22 36 38 19
0.084000 0.082000 0.548000 0.273000 0.269000 0.291000 0.294000 0.016000 0.015000 0.895000 0.233000 0.438000 0.651000 0.129000 0.384000 0.037000 0.575000 0.513000 0.581000 0.213000 0.558000 0.396000 0.171000 0.696000 0.862000 0.494000 0.267000 0.722000 0.243000 0.512000 0.546000 0.127000 0.467000 0.863000 0.558000 0.791000 0.236000 0.967000 0.485000 0.422000 0.794000 0.745000 0.309000 0.356000 0.440000 0.534000 0.804000 0.236000 0.222000 0.692000 0.015000 0.423000 0.612000 0.385000 0.249000 0.301000 0.929000 0.365000 0.947000 0.664000 0.773000 0.388000 0.109000 0.790000 0.630000 0.635000 0.543000 0.677000 0.742000 0.416000 0.962000 0.849000 0.989000 0.130000 0.476000 0.799000 0.613000 0.336000 0.726000 0.772000 0 31 38 94 12 6 52 4 30 26 74 77 16 17 3 22 64 38 72 98 0 99 51 96 48 94 40 23 72 6 91 78 66 34 5 48 27 10 25 99 229 26 output 8 37 29 31 35 9 | 28 22 4 | 39 13 30 36 21 40 34 | 16 7 24 10 2 | 25 14 19 5 32 | 26 12 15 6 3 | 38 17 18 33 23 | 27 11 20
0.893000 0.877000 0.037000 0.307000 0.416000 0.420000 0.720000 0.472000 0.302000 0.951000 0.552000 0.263000 0.268000 0.489000 0.954000 0.431000 0.845000 0.278000 0.619000 0.396000 0.643000 0.572000 0.234000 0.133000 0.141000 0.011000 0.234000 0.932000 0.164000 0.256000 0.096000 0.630000 0.347000 0.452000 0.087000 0.208000 0.759000 0.576000 0.794000 0.005000 0.484000 0.648000 0.004000 0.389000 0.258000 0.558000 0.831000 0.018000 0.944000 0.035000 0.343000 0.708000 0.410000 0.832000 0.015000 0.096000 0.297000 0.005000 0.284000 0.406000 0.486000 0.919000 0.416000 0.298000 0.197000 0.697000 0.944000 0.157000 0.787000 0.030000 0.501000 0.886000 0.109000 0.423000 0.221000 0.110000 0.010000 0.079000 0.178000 0.759000 0 41 27 93 96 86 70 34 27 22 56 63 66 69 0 9 16 71 36 47 37 97 83 3 25 24 57 18 67 84 7 88 75 13 95 75 61 8 42 56 250 24 output 9 35 20 24 25 34 8 | 7 30 17 11 | 31 5 14 36 | 27 40 33 26 21 | 15 2 18 28 39 13 38 | 3 12 29 32 | 23 37 22 16 | 19 4 6 10
0.109000 0.853000 0.575000 0.230000 0.306000 0.664000 0.503000 0.012000 0.524000 0.492000 0.874000 0.381000 0.634000 0.653000 0.332000 0.453000 0.216000 0.964000 0.687000 0.439000 0.256000 0.258000 0.850000 0.969000 0.090000 0.161000 0.949000 0.678000 0.505000 0.182000 0.881000 0.720000 0.219000 0.704000 0.030000 0.511000 0.116000 0.966000 0.535000 0.191000 0.160000 0.912000 0.924000 0.993000 0.867000 0.323000 0.242000 0.221000 0.498000 0.631000 0.428000 0.630000 0.222000 0.575000 0.394000 0.577000 0.011000 0.208000 0.298000 0.689000 0.090000 0.878000 0.009000 0.791000 0.031000 0.433000 0.155000 0.823000 0.033000 0.144000 0.910000 0.132000 0.170000 0.174000 0.055000 0.061000 0.315000 0.133000 0.377000 0.942000 0 2 21 0 35 64 31 58 8 64 52 56 28 22 46 32 53 4 22 62 30 92 43 28 73 77 85 10 50 7 56 54 54 85 44 39 87 68 36 14 217 27 output 10 6 23 36 30 | 17 3 27 32 | 28 2 20 15 4 39 8 | 16 14 22 12 40 | 11 24 37 13 18 | 26 5 7 25 | 33 29 35 38 | 31 19 9 21 34
0.657000 0.824000 0.772000 0.225000 0.617000 0.442000 0.278000 0.423000 0.823000 0.835000 0.861000 0.382000 0.049000 1.000000 0.149000 0.110000 0.856000 0.844000 0.775000 0.289000 0.230000 0.491000 0.288000 0.469000 0.653000 0.999000 0.162000 0.139000 0.900000 0.868000 0.647000 0.928000 0.564000 0.635000 0.371000 0.088000 0.399000 0.590000 0.018000 0.060000 0.494000 0.720000 0.657000 0.024000 0.972000 0.079000 0.014000 0.820000 0.419000 0.156000 0.321000 0.005000 0.572000 0.239000 0.957000 0.470000 0.135000 0.635000 0.924000 0.103000 0.856000 0.259000 0.479000 0.384000 0.056000 0.380000 0.881000 0.908000 0.815000 0.799000 0.253000 0.841000 0.790000 0.982000 0.364000 0.810000 0.554000 0.365000 0.400000 0.297000 0 62 49 67 17 84 26 28 41 75 96 53 76 13 9 73 74 28 90 97 46 53 58 75 65 69 60 43 32 67 61 58 78 35 2 23 94 66 19 2 265 24 output 28 6 2 10 | 16 13 | 31 23 30 27 39 | 3 22 26 18 25 | 38 36 24 7 | 32 40 14 8 20 4 | 37 34 15 9 5 35 | 29 33 11 12 | 17 19 21
0.350000 0.568000 0.858000 0.477000 0.378000 0.287000 0.764000 0.247000 0.248000 0.473000 0.538000 0.922000 0.612000 0.154000 0.800000 0.721000 0.730000 0.802000 0.252000 0.318000 0.966000 0.004000 0.428000 0.567000 0.035000 0.019000 0.295000 0.920000 0.127000 0.638000 0.753000 0.981000 0.154000 0.955000 0.747000 0.624000 0.242000 0.540000 0.757000 0.019000 0.268000 0.467000 0.152000 0.822000 0.522000 0.423000 0.175000 0.036000 0.471000 0.168000 0.426000 0.112000 0.432000 0.732000 0.928000 0.119000 0.251000 0.723000 0.528000 0.031000 0.299000 0.229000 0.408000 0.367000 0.929000 0.844000 0.918000 0.284000 0.333000 0.264000 0.586000 0.648000 0.562000 0.499000 0.948000 0.961000 0.195000 0.047000 0.259000 0.695000 0 74 56 26 88 1 35 57 79 67 12 23 39 28 65 56 43 85 17 31 66 24 44 10 52 2 29 37 75 39 33 15 97 78 66 92 36 55 95 57 242 18 output 14 17 22 29 40 | 13 24 39 26 30 25 | 21 5 19 15 | 23 37 2 18 | 12 4 34 28 11 20 7 | 36 8 9 | 27 6 16 38 33 | 10 31 35 3 32
0.169000 0.542000 0.199000 0.715000 0.662000 0.335000 0.916000 0.571000 0.502000 0.031000 0.418000 0.876000 0.917000 0.129000 0.331000 0.936000 0.482000 0.704000 0.581000 0.222000 0.867000 0.681000 0.239000 0.829000 0.516000 0.947000 0.925000 0.989000 0.152000 0.564000 0.309000 0.840000 0.465000 0.449000 0.554000 0.088000 0.490000 0.868000 0.585000 0.401000 0.574000 0.853000 0.404000 0.722000 0.722000 0.567000 0.189000 0.067000 0.475000 0.841000 0.158000 0.963000 0.283000 0.534000 0.490000 0.997000 0.639000 0.562000 0.022000 0.037000 0.362000 0.476000 0.433000 0.675000 0.721000 0.310000 0.429000 0.485000 0.577000 0.829000 0.992000 0.530000 0.543000 0.100000 0.344000 0.243000 0.370000 0.112000 0.452000 0.603000 0 35 12 45 84 45 57 10 16 20 47 59 77 46 84 60 70 0 4 17 32 91 7 38 39 27 30 46 38 73 41 3 72 58 41 76 95 49 37 8 217 26 output 27 34 17 31 | 5 18 37 10 | 2 12 16 | 40 29 23 7 33 3 20 | 38 39 24 30 | 9 35 21 13 28 19 | 15 | 36 4 11 14 32 | 26 8 6 25 22
0.210000 0.289000 0.055000 0.730000 0.636000 0.913000 0.782000 0.260000 0.917000 0.453000 0.714000 0.843000 0.403000 0.529000 0.422000 0.174000 0.796000 0.281000 0.955000 0.041000 0.463000 0.502000 0.827000 0.015000 0.327000 0.114000 0.548000 0.822000 0.867000 0.053000 0.916000 0.031000 0.919000 0.394000 0.708000 0.444000 0.011000 0.828000 0.943000 0.053000 0.938000 0.059000 0.326000 0.803000 0.102000 0.951000 0.349000 0.206000 0.080000 0.814000 0.276000 0.598000 0.573000 0.974000 0.234000 0.547000 0.553000 0.256000 0.089000 0.420000 0.558000 0.859000 0.667000 0.753000 0.167000 0.570000 0.541000 0.960000 0.127000 0.495000 0.115000 0.041000 0.788000 0.042000 0.658000 0.200000 0.507000 0.918000 0.322000 0.109000 0 74 71 23 95 98 76 79 88 51 97 90 21 48 85 67 47 35 90 66 48 55 39 9 98 86 48 46 48 42 71 87 84 19 77 68 36 14 48 94 310 20 output 15 12 37 8 24 | 29 38 21 20 10 16 | 31 27 34 39 22 28 | 25 23 19 2 | 26 33 35 30 | 4 9 17 5 18 | 32 6 3 14 | 11 7 | 36 40 13
0.945000 0.708000 0.545000 0.912000 0.806000 0.539000 0.965000 0.084000 0.118000 0.218000 0.739000 0.468000 0.586000 0.693000 0.079000 0.621000 0.395000 0.824000 0.251000 0.432000 0.686000 0.241000 0.697000 0.598000 0.829000 0.992000 0.496000 0.868000 0.796000 0.995000 0.228000 0.751000 0.266000 0.183000 0.842000 0.029000 0.460000 0.407000 0.503000 0.135000 0.360000 0.738000 0.189000 0.658000 0.504000 0.766000 0.753000 0.495000 0.379000 0.191000 0.879000 0.201000 0.453000 0.174000 0 89 17 27 81 62 73 19 97 70 50 52 39 90 80 12 83 33 20 17 89 57 54 46 49 1 62 264 13 output 7 21 9 | 23 14 2 | 16 22 8 5 10 19 | 3 24 6 11 18 4 26 | 20 27 25 17 12 | 15 13
0.510000 0.570000 0.159000 0.507000 0.815000 0.106000 0.147000 0.866000 0.870000 0.271000 0.855000 0.024000 0.228000 0.519000 0.380000 0.059000 0.266000 0.799000 0.559000 0.777000 0.177000 0.588000 0.180000 0.781000 0.480000 0.636000 0.238000 0.775000 0.573000 0.802000 0.055000 0.545000 0.442000 0.652000 0.844000 0.287000 0.835000 0.281000 0.474000 0.623000 0.044000 0.336000 0.818000 0.160000 0.474000 0.190000 0.662000 0.549000 0.690000 0.273000 0.236000 0.955000 0.881000 0.875000 0 86 98 80 29 55 11 20 22 44 43 4 89 58 86 37 4 58 16 40 82 41 49 83 80 23 10 240 18 output 21 16 2 7 | 13 20 | 23 8 6 3 | 11 12 4 26 9 14 17 | 25 22 5 18 19 | 24 27 15 10
0.975000 0.681000 0.148000 0.398000 0.686000 0.794000 0.860000 0.146000 0.444000 0.668000 0.048000 0.930000 0.061000 0.642000 0.166000 0.833000 0.048000 0.009000 0.386000 0.068000 0.077000 0.369000 0.497000 0.265000 0.136000 0.892000 0.109000 0.484000 0.971000 0.354000 0.886000 0.818000 0.278000 0.624000 0.501000 0.345000 0.129000 0.308000 0.592000 0.484000 0.565000 0.840000 0.317000 0.082000 0.367000 0.989000 0.751000 0.501000 0.897000 0.532000 0.704000 0.795000 0.232000 0.270000 0 83 61 20 47 83 12 70 48 66 66 70 94 28 90 17 5 27 97 78 62 91 41 25 46 72 63 282 20 output 24 27 2 14 7 8 | 26 3 21 16 | 23 6 13 17 5 | 25 15 | 12 9 19 11 | 20 18 22 10 4
0.428000 0.641000 0.033000 0.730000 0.148000 0.340000 0.999000 0.013000 0.849000 0.351000 0.052000 0.177000 0.898000 0.183000 0.688000 0.326000 0.679000 0.166000 0.795000 0.260000 0.073000 0.704000 0.778000 0.318000 0.468000 0.251000 0.001000 0.355000 0.027000 0.573000 0.170000 0.864000 0.676000 0.763000 0.441000 0.170000 0.508000 0.496000 0.405000 0.215000 0.890000 0.181000 0.358000 0.644000 0.357000 0.670000 0.399000 0.405000 0.236000 0.285000 0.953000 0.461000 0.320000 0.101000 0 85 38 96 54 0 73 9 44 69 90 54 81 97 79 87 87 30 73 45 54 0 68 73 25 69 72 299 17 output 8 12 10 5 26 | 25 27 20 13 24 | 22 11 2 16 | 21 7 4 9 18 | 3 6 14 15 23 | 19 17
0.665000 0.994000 0.305000 0.015000 0.427000 0.353000 0.751000 0.993000 0.391000 0.713000 0.675000 0.517000 0.731000 0.224000 0.933000 0.100000 0.571000 0.483000 0.016000 0.293000 0.270000 0.836000 0.389000 0.546000 0.808000 0.759000 0.998000 0.840000 0.954000 0.760000 0.174000 0.342000 0.448000 0.532000 0.889000 0.681000 0.971000 0.928000 0.212000 0.383000 0.190000 0.165000 0.907000 0.222000 0.538000 0.840000 0.542000 0.194000 0.009000 0.171000 0.001000 0.812000 0.863000 0.676000 0 82 46 99 80 49 57 94 56 90 96 94 75 87 10 12 13 64 16 51 73 93 53 89 2 88 46 311 11 output 4 23 | 2 21 25 10 16 20 | 9 24 3 17 12 | 11 26 5 | 22 8 7 6 | 19 14 15 18 27 13
0.505000 0.134000 0.781000 0.245000 0.107000 0.100000 0.885000 0.977000 0.607000 0.830000 0.326000 0.870000 0.719000 0.260000 0.538000 0.114000 0.021000 0.056000 0.681000 0.288000 0.215000 0.937000 0.650000 0.754000 0.275000 0.972000 0.537000 0.847000 0.577000 0.390000 0.268000 0.763000 0.533000 0.054000 0.710000 0.708000 0.014000 0.438000 0.526000 0.645000 0.934000 0.073000 0.937000 0.099000 0.281000 0.463000 0.616000 0.283000 0.265000 0.392000 0.222000 0.126000 0.550000 0.938000 0 92 6 11 93 18 82 97 67 64 71 92 32 69 42 95 76 89 65 33 34 94 86 85 60 38 27 312 18 output 21 22 2 7 | 23 16 11 13 6 | 8 17 | 24 18 12 15 | 20 5 14 27 4 10 | 25 19 9 3 26
0.344000 0.416000 0.201000 0.253000 0.814000 0.059000 0.106000 0.711000 0.490000 0.119000 0.965000 0.374000 0.094000 0.143000 0.264000 0.519000 0.188000 0.674000 0.393000 0.765000 0.840000 0.934000 0.188000 0.456000 0.959000 0.213000 0.055000 0.597000 0.446000 0.963000 0.189000 0.011000 0.753000 0.602000 0.616000 0.561000 0.333000 0.713000 0.235000 0.869000 0.736000 0.271000 0.996000 0.122000 0.493000 0.051000 0.015000 0.998000 0.249000 0.582000 0.092000 0.185000 0.535000 0.346000 0 6 93 10 28 87 0 47 38 33 77 32 7 24 20 0 83 74 98 75 51 44 53 67 82 29 91 241 12 output 3 22 13 6 | 8 25 9 4 14 12 | 24 20 19 | 10 15 11 17 | 27 | 2 26 7 16 23 5 21 18
0.529000 0.632000 0.316000 0.766000 0.441000 0.102000 0.670000 0.714000 0.992000 0.529000 0.399000 0.386000 0.913000 0.187000 0.371000 0.633000 0.407000 0.233000 0.443000 0.956000 0.506000 0.458000 0.791000 0.683000 0.022000 0.901000 0.520000 0.680000 0.625000 0.324000 0.087000 0.004000 0.776000 0.980000 0.243000 0.570000 0.876000 0.712000 0.464000 0.570000 0.103000 0.553000 0.915000 0.992000 0.659000 0.506000 0.772000 0.536000 0.901000 0.822000 0.607000 0.764000 0.366000 0.387000 0 10 57 96 15 30 5 95 25 47 65 29 89 6 17 95 41 16 66 63 40 94 79 77 6 44 68 246 12 output 26 4 | 14 17 22 25 19 12 | 20 27 6 11 | 18 21 16 3 9 | 8 2 13 10 | 15 7 5 24 23
0.626000 0.228000 0.785000 0.062000 0.637000 0.747000 0.835000 0.249000 0.548000 0.401000 0.126000 0.925000 0.313000 0.926000 0.767000 0.071000 0.761000 0.459000 0.721000 0.144000 0.800000 0.814000 0.335000 0.535000 0.823000 0.245000 0.920000 0.304000 0.028000 0.815000 0.871000 0.262000 0.670000 0.192000 0.725000 0.494000 0.433000 0.614000 0.591000 0.629000 0.445000 0.454000 0.705000 0.424000 0.446000 0.839000 0.899000 0.120000 0.478000 0.859000 0.302000 0.480000 0.239000 0.492000 0 85 61 77 57 82 54 76 17 77 78 44 85 87 78 65 98 59 92 71 94 42 20 36 27 46 46 319 15 output 25 23 7 6 15 27 | 17 10 | 22 11 3 20 5 | 21 19 12 26 | 8 2 24 13 | 4 16 14 9 18
0.801000 0.006000 0.418000 0.584000 0.230000 0.993000 0.149000 0.523000 0.599000 0.615000 0.286000 0.336000 0.362000 0.172000 0.346000 0.074000 0.375000 0.476000 0.976000 0.003000 0.996000 0.962000 0.722000 0.378000 0.112000 0.083000 0.599000 0.966000 0.077000 0.374000 0.025000 0.460000 0.151000 0.320000 0.515000 0.280000 0.672000 0.840000 0.369000 0.200000 0.837000 0.842000 0.933000 0.036000 0.067000 0.743000 0.385000 0.026000 0.958000 0.951000 0.922000 0.880000 0.348000 0.815000 0 40 15 70 53 21 22 5 30 11 62 55 34 74 32 10 49 51 16 64 89 77 86 41 31 17 1 204 18 output 11 25 26 21 | 19 14 27 3 23 | 18 20 7 24 | 8 13 17 15 16 4 | 22 10 | 12 5 2 9 6
0.896000 0.593000 0.618000 0.491000 0.946000 0.662000 0.201000 0.288000 0.260000 0.707000 0.120000 0.500000 0.147000 0.631000 0.942000 0.575000 0.380000 0.725000 0.874000 0.440000 0.241000 0.548000 0.931000 0.943000 0.700000 0.278000 0.976000 0.076000 0.791000 0.914000 0.855000 0.762000 0.972000 0.218000 0.657000 0.880000 0.042000 0.962000 0.063000 0.665000 0.157000 0.921000 0.684000 0.378000 0.555000 0.470000 0.951000 0.925000 0.829000 0.984000 0.085000 0.262000 0.824000 0.183000 0 10 65 28 34 82 12 61 39 11 25 80 63 78 5 11 16 11 53 71 20 63 78 35 34 32 70 210 16 output 23 22 13 | 18 5 7 6 26 4 2 | 10 27 14 17 | 11 20 19 21 9 | 8 3 | 24 12 25 15 16
0.648000 0.267000 0.859000 0.915000 0.699000 0.100000 0.642000 0.216000 0.391000 0.455000 0.600000 0.323000 0.996000 0.750000 0.896000 0.218000 0.072000 0.652000 0.225000 0.614000 0.621000 0.832000 0.311000 0.366000 0.142000 0.465000 0.441000 0.663000 0.234000 0.056000 0.306000 0.807000 0.123000 0.670000 0.255000 0.440000 0.505000 0.840000 0.979000 0.636000 0.532000 0.801000 0.411000 0.475000 0.361000 0.989000 0.861000 0.566000 0.390000 0.592000 0.583000 0.050000 0.651000 0.400000 0 99 82 66 0 48 95 97 87 52 74 31 14 32 24 68 6 33 91 32 21 26 93 36 60 88 58 272 15 output 15 13 9 17 10 18 12 | 24 20 7 2 | 21 23 16 25 22 5 | 8 3 26 | 14 19 11 27 | 6 4
0.165000 0.734000 0.195000 0.980000 0.679000 0.137000 0.990000 0.272000 0.595000 0.996000 0.979000 0.056000 0.725000 0.949000 0.372000 0.049000 0.194000 0.406000 0.511000 0.094000 0.443000 0.993000 0.010000 0.654000 0.187000 0.676000 0.823000 0.706000 0.347000 0.979000 0.900000 0.651000 0.287000 0.617000 0.601000 0.258000 0.672000 0.876000 0.903000 0.542000 0.233000 0.150000 0.258000 0.888000 0.936000 0.354000 0.796000 0.051000 0.811000 0.583000 0.680000 0.337000 0.828000 0.476000 0 85 56 34 44 37 25 11 70 48 31 95 59 93 78 67 64 25 90 4 24 97 41 50 17 98 16 262 21 output 22 15 2 | 13 19 7 5 11 | 12 | 14 16 20 25 17 | 18 3 24 6 4 23 27 | 9 21 8 10 26
0.541000 0.775000 0.005000 0.707000 0.033000 0.744000 0.742000 0.043000 0.471000 0.564000 0.419000 0.788000 0.471000 0.329000 0.834000 0.538000 0.565000 0.487000 0.671000 0.148000 0.962000 0.441000 0.324000 0.563000 0.211000 0.330000 0.650000 0.575000 0.534000 0.538000 0.490000 0.012000 0.297000 0.488000 0.727000 0.882000 0.166000 0.453000 0.466000 0.420000 0.790000 0.424000 0.011000 0.214000 0.947000 0.478000 0.566000 0.695000 0.529000 0.432000 0.893000 0.758000 0.929000 0.571000 0 52 18 80 53 49 54 45 60 34 78 63 39 20 46 6 80 4 41 29 80 39 47 78 95 62 30 247 15 output 6 3 2 22 13 19 | 15 5 17 12 | 18 26 27 23 11 14 | 20 7 25 9 | 16 4 10 21 8 | 24
0.771000 0.796000 0.993000 0.141000 0.229000 0.602000 0.158000 0.051000 0.090000 0.397000 0.482000 0.450000 0.225000 0.613000 0.642000 0.201000 0.393000 0.783000 0.984000 0.987000 0.800000 0.295000 0.222000 0.123000 0.552000 0.334000 0.070000 0.731000 0.845000 0.956000 0.708000 0.871000 0.323000 0.359000 0.712000 0.367000 0.795000 0.508000 0.111000 0.711000 0.256000 0.809000 0.702000 0.808000 0.698000 0.616000 0.485000 0.581000 0.794000 0.913000 0.541000 0.046000 0.893000 0.000000 0 90 77 61 62 34 46 48 42 25 66 89 84 8 89 28 65 50 63 48 24 46 80 25 93 15 45 270 11 output 9 21 14 20 7 3 | 24 5 17 13 6 | 23 22 | 10 15 25 16 | 12 4 26 8 18 | 2 27 11 19
0.300000 0.266000 0.069000 0.043000 0.597000 0.254000 0.565000 0.694000 0.725000 0.052000 0.804000 0.557000 0.989000 0.631000 0.565000 0.821000 0.556000 0.121000 0.850000 0.490000 0.033000 0.813000 0.834000 0.009000 0.041000 0.962000 0.507000 0.111000 0.597000 0.943000 0.104000 0.911000 0.760000 0.098000 0.900000 0.840000 0.895000 0.710000 0.847000 0.482000 0.526000 0.823000 0.726000 0.862000 0.076000 0.141000 0.883000 0.499000 0.999000 0.728000 0.394000 0.696000 0.538000 0.440000 0 30 97 97 66 12 28 20 34 67 89 85 17 69 33 85 19 99 28 82 96 45 23 35 43 72 65 277 14 output 23 2 14 9 | 15 22 18 25 7 19 | 21 8 4 | 3 17 12 5 | 20 10 24 6 27 | 11 13 16 26
0.791000 0.551000 0.683000 0.294000 0.699000 0.307000 0.591000 0.428000 0.801000 0.419000 0.558000 0.239000 0.927000 0.028000 0.536000 0.394000 0.566000 0.674000 0.902000 0.340000 0.928000 0.588000 0.703000 0.288000 0.719000 0.134000 0.246000 0.437000 0.488000 0.085000 0.679000 0.656000 0.588000 0.239000 0.633000 0.727000 0.473000 0.519000 0.959000 0.340000 0.531000 0.253000 0.966000 0.923000 0.481000 0.647000 0.488000 0.064000 0.071000 0.243000 0.572000 0.000000 0.857000 0.043000 0.055000 0.505000 0.752000 0.810000 0.651000 0.890000 0.034000 0.277000 0.334000 0.978000 0.913000 0.553000 0.419000 0.046000 0.810000 0.298000 0.289000 0.718000 0.316000 0.191000 0.598000 0.045000 0.344000 0.249000 0.092000 0.260000 0.059000 0.378000 0.101000 0.491000 0 40 99 23 65 19 49 95 56 55 67 16 3 3 38 90 37 35 51 8 81 76 70 43 71 40 65 6 67 44 80 54 53 6 11 5 12 26 66 44 21 14 220 22 output 18 32 36 28 42 39 17 | 35 27 7 20 10 | 11 33 | 13 38 26 24 15 34 37 19 | 22 30 29 | 40 25 31 41 14 | 3 2 12 5 | 6 21 8 4 | 16 9 23
0.669000 0.272000 0.402000 0.392000 0.863000 0.428000 0.850000 0.875000 0.141000 0.748000 0.801000 0.915000 0.644000 0.856000 0.683000 0.803000 0.824000 0.945000 0.904000 0.036000 0.520000 0.104000 0.937000 0.582000 0.365000 0.518000 0.207000 0.251000 0.258000 0.548000 0.066000 0.473000 0.331000 0.387000 0.077000 0.165000 0.880000 0.415000 0.072000 0.238000 0.495000 0.580000 0.438000 0.620000 0.719000 0.357000 0.344000 0.918000 0.587000 0.250000 0.302000 0.321000 0.560000 0.137000 0.812000 0.069000 0.816000 0.143000 0.727000 0.420000 0.778000 0.164000 0.256000 0.921000 0.060000 0.597000 0.106000 0.931000 0.073000 0.840000 0.542000 0.019000 0.032000 0.561000 0.593000 0.834000 0.223000 0.360000 0.069000 0.545000 0.115000 0.224000 0.766000 0.584000 0 91 72 21 89 77 94 94 68 31 10 82 66 42 24 75 57 31 27 8 66 63 94 13 56 41 84 70 85 97 22 97 92 67 25 91 84 19 65 92 80 48 307 25 output 14 41 18 20 16 39 | 24 32 34 35 5 | 19 3 30 23 | 40 37 33 15 | 8 7 38 2 | 25 27 11 36 | 31 29 10 28 | 42 6 9 4 12 | 21 22 13 17 26
0.724000 0.682000 0.409000 0.856000 0.864000 0.154000 0.999000 0.498000 0.654000 0.974000 0.790000 0.722000 0.393000 0.555000 0.770000 0.079000 0.256000 0.161000 0.985000 0.576000 0.268000 0.464000 0.811000 0.713000 0.261000 0.403000 0.025000 0.767000 0.741000 0.698000 0.705000 0.971000 0.193000 0.136000 0.863000 0.126000 0.148000 0.811000 0.850000 0.750000 0.730000 0.359000 0.747000 0.783000 0.781000 0.805000 0.743000 0.177000 0.772000 0.679000 0.969000 0.307000 0.364000 0.862000 0.207000 0.778000 0.175000 0.896000 0.123000 0.934000 0.943000 0.449000 0.651000 0.986000 0.017000 0.026000 0.639000 0.456000 0.974000 0.384000 0.353000 0.529000 0.161000 0.323000 0.278000 0.122000 0.460000 0.413000 0.469000 0.545000 0.352000 0.975000 0.463000 0.296000 0 14 43 67 82 63 86 20 35 38 73 78 86 84 94 16 18 23 63 93 12 86 52 40 57 30 77 41 65 8 41 67 18 2 65 47 4 37 90 55 72 24 252 30 output 10 4 35 26 31 | 25 6 15 | 23 20 12 | 34 38 9 17 33 37 13 36 | 22 16 32 5 | 39 42 24 8 18 3 21 | 11 14 30 41 2 | 28 19 29 27 | 40 7
0.313000 0.530000 0.165000 0.693000 0.407000 0.980000 0.250000 0.674000 0.388000 0.152000 0.474000 0.830000 0.926000 0.916000 0.131000 0.062000 0.164000 0.563000 0.097000 0.543000 0.922000 0.878000 0.810000 0.802000 0.269000 0.237000 0.980000 0.246000 0.538000 0.908000 0.625000 0.388000 0.588000 0.352000 0.343000 0.272000 0.806000 0.751000 0.824000 0.070000 0.703000 0.547000 0.011000 0.847000 0.405000 0.293000 0.579000 0.671000 0.841000 0.090000 0.122000 0.192000 0.441000 0.064000 0.791000 0.820000 0.913000 0.880000 0.537000 0.789000 0.539000 0.777000 0.732000 0.439000 0.331000 0.937000 0.286000 0.146000 0.785000 0.776000 0.270000 0.064000 0.003000 0.990000 0.691000 0.325000 0.464000 0.735000 0.595000 0.296000 0.984000 0.620000 0.840000 0.740000 0 89 18 75 35 18 74 59 81 48 23 74 55 43 5 86 10 61 7 33 29 52 90 42 28 7 53 85 62 30 24 0 41 60 93 78 67 2 96 16 38 25 234 23 output 39 31 30 6 15 3 33 | 19 42 41 14 25 20 38 32 21 | 26 8 36 27 5 | 16 17 40 23 | 13 34 18 | 2 22 37 | 24 35 28 | 7 11 29 12 | 4 10 9
0.183000 0.535000 0.376000 0.576000 0.997000 0.761000 0.940000 0.697000 0.184000 0.192000 0.264000 0.187000 0.576000 0.172000 0.493000 0.901000 0.762000 0.020000 0.738000 0.534000 0.750000 0.992000 0.530000 0.339000 0.264000 0.690000 0.150000 0.306000 0.135000 0.278000 0.677000 0.603000 0.261000 0.089000 0.661000 0.690000 0.524000 0.934000 0.357000 0.463000 0.811000 0.780000 0.062000 0.714000 0.273000 0.373000 0.245000 0.372000 0.041000 0.468000 0.608000 0.071000 0.198000 0.314000 0.328000 0.724000 0.869000 0.338000 0.918000 0.009000 0.981000 0.412000 0.519000 0.383000 0.229000 0.774000 0.979000 0.104000 0.152000 0.095000 0.667000 0.251000 0.557000 0.659000 0.332000 0.188000 0.739000 0.455000 0.799000 0.175000 0.430000 0.260000 0.669000 0.406000 0 18 43 67 75 18 15 21 69 14 67 61 86 50 8 16 12 78 57 79 86 3 6 22 39 73 91 4 29 6 31 77 53 5 82 36 86 10 53 93 39 89 228 20 output 18 11 19 8 28 | 16 10 4 3 21 | 42 12 32 | 27 14 25 | 39 40 36 41 23 | 7 26 9 30 34 31 29 | 22 33 13 | 2 37 20 | 15 5 35 17 6 38 24
0.904000 0.874000 0.504000 0.302000 0.016000 0.663000 0.249000 0.897000 0.674000 0.085000 0.935000 0.367000 0.501000 0.119000 0.345000 0.670000 0.878000 0.254000 0.285000 0.669000 0.697000 0.493000 0.447000 0.120000 0.325000 0.326000 0.793000 0.697000 0.787000 0.680000 0.446000 0.898000 0.984000 0.682000 0.135000 0.757000 0.694000 0.235000 0.437000 0.149000 0.335000 0.959000 0.028000 0.426000 0.065000 0.168000 0.836000 0.442000 0.257000 0.923000 0.239000 0.161000 0.067000 0.092000 0.292000 0.929000 0.151000 0.721000 0.847000 0.472000 0.182000 0.323000 0.758000 0.136000 0.588000 0.800000 0.513000 0.992000 0.781000 0.121000 0.629000 0.462000 0.708000 0.544000 0.103000 0.753000 0.633000 0.989000 0.412000 0.405000 0.635000 0.668000 0.997000 0.511000 0 46 22 35 3 53 15 9 33 74 91 30 22 35 15 84 93 14 37 50 29 94 63 49 74 91 43 34 9 93 16 92 86 0 88 65 95 55 58 41 76 42 251 30 output 15 13 26 27 23 31 | 10 4 25 28 21 34 | 8 29 18 38 3 22 2 | 39 16 33 | 41 40 20 12 7 5 14 | 42 6 24 30 | 36 11 37 | 17 | 19 32 35 9
0.385000 0.326000 0.301000 0.456000 0.721000 0.414000 0.296000 0.010000 0.339000 0.991000 0.998000 0.410000 0.067000 0.243000 0.836000 0.603000 0.178000 0.730000 0.207000 0.691000 0.341000 0.172000 0.396000 0.434000 0.572000 0.191000 0.402000 0.340000 0.294000 0.317000 0.409000 0.940000 0.858000 0.255000 0.614000 0.229000 0.739000 0.538000 0.158000 0.271000 0.547000 0.369000 0.962000 0.615000 0.278000 0.090000 0.204000 0.734000 0.397000 0.474000 0.711000 0.813000 0.515000 0.410000 0.538000 0.052000 0.258000 0.327000 0.757000 0.954000 0.627000 0.781000 0.838000 0.264000 0.703000 0.318000 0.277000 0.791000 0.360000 0.599000 0.241000 0.178000 0.851000 0.172000 0.883000 0.069000 0.534000 0.494000 0.402000 0.952000 0.816000 0.488000 0.308000 0.289000 0 90 53 99 85 93 35 12 73 25 21 99 25 54 58 59 95 54 83 42 91 74 98 79 42 44 82 68 10 27 7 52 67 9 99 27 11 93 2 57 15 74 279 20 output 28 18 33 3 | 42 20 7 29 15 | 5 40 16 30 26 31 | 34 24 9 10 2 | 35 25 12 | 41 6 22 8 19 39 | 21 27 14 | 32 17 37 38 13 | 11 4 23 36
0.516000 0.967000 0.452000 0.928000 0.426000 0.817000 0.683000 0.909000 0.032000 0.902000 0.253000 0.360000 0.022000 0.544000 0.914000 0.029000 0.740000 0.079000 0.119000 0.910000 0.828000 0.937000 0.163000 0.332000 0.021000 0.887000 0.633000 0.671000 0.567000 0.743000 0.895000 0.831000 0.586000 0.779000 0.347000 0.999000 0.350000 0.735000 0.964000 0.018000 0.078000 0.846000 0.405000 0.814000 0.391000 0.250000 0.662000 0.320000 0.534000 0.183000 0.138000 0.754000 0.934000 0.561000 0.431000 0.083000 0.902000 0.535000 0.192000 0.643000 0.627000 0.256000 0.474000 0.687000 0.408000 0.548000 0.577000 0.944000 0.330000 0.209000 0.301000 0.659000 0.941000 0.412000 0.201000 0.469000 0.119000 0.623000 0.367000 0.264000 0.919000 0.640000 0.946000 0.115000 0 86 99 92 47 36 36 15 5 23 97 93 36 84 66 91 42 74 47 41 76 38 54 53 3 82 15 12 2 50 74 33 57 72 67 56 18 2 59 38 56 2 248 22 output 4 14 15 | 31 25 28 35 23 40 | 33 6 12 38 36 | 11 16 17 | 32 24 9 8 20 42 37 29 27 41 | 2 34 | 30 39 7 26 | 19 21 13 5 10 | 18 22 3
0.778000 0.706000 0.933000 0.665000 0.654000 0.699000 0.142000 0.272000 0.706000 0.756000 0.241000 0.473000 0.861000 0.198000 0.842000 0.097000 0.122000 0.206000 0.834000 0.862000 0.162000 0.831000 0.182000 0.238000 0.937000 0.147000 0.722000 0.919000 0.813000 0.062000 0.296000 0.243000 0.420000 0.297000 0.763000 0.325000 0.470000 0.607000 0.304000 0.472000 0.416000 0.858000 0.104000 0.155000 0.290000 0.484000 0.622000 0.210000 0.638000 0.549000 0.092000 0.961000 0.344000 0.271000 0.502000 0.661000 0.045000 0.569000 0.349000 0.761000 0.893000 0.454000 0.978000 0.654000 0.756000 0.878000 0.467000 0.160000 0.919000 0.671000 0.963000 0.416000 0.603000 0.383000 0.880000 0.088000 0.248000 0.061000 0.967000 0.380000 0.824000 0.353000 0.772000 0.498000 0 3 84 62 83 61 18 54 54 77 96 81 15 58 67 57 34 43 20 28 45 25 87 99 45 21 74 41 90 82 48 59 76 57 39 11 9 39 29 15 15 45 250 20 output 18 24 34 17 | 41 7 8 15 38 13 40 36 | 10 14 33 | 5 3 | 20 6 23 19 28 | 27 16 9 22 39 37 | 21 26 11 30 | 29 4 12 | 35 2 32 31 42 25
0.482000 0.447000 0.235000 0.099000 0.791000 0.680000 0.204000 0.297000 0.495000 0.721000 0.200000 0.604000 0.039000 0.890000 0.323000 0.523000 0.883000 0.306000 0.977000 0.830000 0.967000 0.911000 0.677000 0.808000 0.312000 0.401000 0.872000 0.200000 0.250000 0.568000 0.265000 0.426000 0.124000 0.061000 0.084000 0.916000 0.631000 0.065000 0.480000 0.003000 0.364000 0.120000 0.410000 0.331000 0.284000 0.308000 0.981000 0.444000 0.882000 0.181000 0.982000 0.350000 0.137000 0.703000 0.694000 0.621000 0.027000 0.067000 0.043000 0.172000 0.378000 0.999000 0.914000 0.532000 0.511000 0.994000 0.965000 0.991000 0.027000 0.242000 0.474000 0.426000 0.216000 0.770000 0.677000 0.197000 0.380000 0.469000 0.879000 0.145000 0.040000 0.754000 0.705000 0.711000 0 88 48 28 70 86 25 0 22 14 87 45 36 69 50 55 37 17 8 94 15 98 28 12 91 39 93 63 39 97 20 88 79 92 91 13 10 71 97 1 4 80 257 33 output 21 20 19 14 38 | 5 12 42 3 | 13 35 30 23 | 33 31 18 7 41 27 37 | 2 17 29 4 16 | 39 15 6 8 | 28 10 11 34 | 32 24 26 9 25 40 | 22 36
0.786000 0.235000 0.110000 0.532000 0.069000 0.993000 0.713000 0.299000 0.521000 0.381000 0.185000 0.915000 0.939000 0.769000 0.902000 0.968000 0.706000 0.621000 0.302000 0.355000 0.394000 0.856000 0.709000 0.900000 0.960000 0.802000 0.562000 0.495000 0.808000 0.593000 0.165000 0.964000 0.303000 0.536000 0.975000 0.671000 0.723000 0.630000 0.308000 0.994000 0.242000 0.051000 0.144000 0.284000 0.674000 0.925000 0.379000 0.612000 0.385000 0.690000 0.757000 0.231000 0.025000 0.442000 0.179000 0.632000 0.935000 0.170000 0.864000 0.597000 0.095000 0.903000 0.711000 0.935000 0.820000 0.754000 0.346000 0.626000 0.805000 0.793000 0.639000 0.035000 0.712000 0.572000 0.758000 0.073000 0.332000 0.902000 0.227000 0.185000 0.438000 0.182000 0.046000 0.197000 0 13 92 41 14 10 28 82 17 61 10 18 42 53 76 62 5 83 15 0 34 48 89 89 58 66 62 89 10 95 46 7 1 29 0 88 9 22 20 99 24 76 218 27 output 40 42 21 | 30 15 9 37 | 19 12 23 32 8 35 33 | 11 39 25 34 24 | 4 26 | 5 10 41 36 38 | 14 7 13 18 29 | 6 31 3 16 20 | 22 27 2 28 17
0.508000 0.005000 0.051000 0.294000 0.382000 0.666000 0.122000 0.748000 0.759000 0.599000 0.749000 0.649000 0.136000 0.021000 0.722000 0.314000 0.661000 0.267000 0.323000 0.173000 0.925000 0.956000 0.354000 0.894000 0.453000 0.866000 0.539000 0.892000 0.021000 0.107000 0.061000 0.091000 0.566000 0.171000 0.512000 0.429000 0.507000 0.734000 0.222000 0.208000 0.274000 0.491000 0.862000 0.366000 0.765000 0.569000 0.898000 0.018000 0.473000 0.963000 0.873000 0.966000 0.315000 0.058000 0.664000 0.413000 0.923000 0.355000 0.063000 0.306000 0.408000 0.263000 0.998000 0.289000 0.267000 0.535000 0.373000 0.287000 0.551000 0.777000 0.988000 0.972000 0.440000 0.122000 0.268000 0.622000 0.508000 0.119000 0.647000 0.545000 0.672000 0.808000 0.387000 0.862000 0 1 5 62 32 78 56 30 31 38 13 29 68 72 25 90 99 76 54 67 10 0 77 47 89 51 8 49 5 45 44 71 49 36 77 8 0 12 13 77 36 38 216 22 output 39 40 18 31 | 38 4 12 42 13 3 | 9 28 22 29 32 24 | 17 | 37 34 21 33 30 2 20 27 | 14 25 19 | 23 5 6 | 8 36 11 26 41 35 | 10 15 16 7
0.214000 0.080000 0.436000 0.297000 0.474000 0.813000 0.791000 0.240000 0.938000 0.698000 0.142000 0.787000 0.121000 0.783000 0.705000 0.616000 0.921000 0.388000 0.899000 0.622000 0.592000 0.771000 0.309000 0.594000 0.597000 0.625000 0.836000 0.422000 0.245000 0.257000 0.318000 0.809000 0.762000 0.664000 0.742000 0.519000 0.021000 0.895000 0.160000 0.152000 0.573000 0.619000 0.002000 0.020000 0.205000 0.945000 0.094000 0.834000 0.057000 0.022000 0.270000 0.272000 0.191000 0.976000 0.846000 0.437000 0.109000 0.079000 0.425000 0.144000 0.737000 0.448000 0.930000 0.220000 0.726000 0.610000 0.194000 0.431000 0.151000 0.188000 0.755000 0.865000 0.533000 0.720000 0.131000 0.542000 0.457000 0.099000 0.185000 0.928000 0.184000 0.477000 0.900000 0.618000 0 74 47 77 77 5 1 60 31 40 76 73 68 58 57 26 98 4 77 32 73 67 16 31 52 90 2 32 34 70 49 24 75 67 55 90 97 51 41 79 1 94 265 18 output 18 5 10 42 31 | 14 28 9 32 4 39 | 26 2 30 | 8 17 33 | 21 13 3 12 | 16 23 27 40 19 24 7 6 41 | 15 34 38 35 20 | 36 11 37 | 25 22 29
0.853000 0.358000 0.010000 0.155000 0.809000 0.125000 0.298000 0.752000 0.671000 0.866000 0.806000 0.909000 0.237000 0.205000 0.233000 0.644000 0.973000 0.227000 0.948000 0.804000 0.179000 0.418000 0.870000 0.060000 0.046000 0.455000 0.093000 0.217000 0.657000 0.201000 0.600000 0.824000 0.606000 0.468000 0.171000 0.725000 0.767000 0.759000 0.273000 0.258000 0.199000 0.145000 0.169000 0.714000 0.607000 0.192000 0.003000 0.288000 0.601000 0.440000 0.023000 0.778000 0.984000 0.959000 0.945000 0.714000 0.869000 0.082000 0.970000 0.982000 0.793000 0.667000 0.676000 0.634000 0.465000 0.551000 0.101000 0.982000 0.358000 0.716000 0.751000 0.769000 0.646000 0.499000 0.602000 0.696000 0.997000 0.390000 0.451000 0.372000 0.706000 0.858000 0.549000 0.423000 0 26 2 82 1 25 9 16 5 76 69 60 57 21 35 98 67 80 11 76 13 70 14 15 42 67 30 86 69 24 65 42 44 60 10 24 85 66 87 96 21 50 232 18 output 22 26 34 5 41 19 | 32 38 16 36 | 23 7 21 14 2 24 13 11 | 42 40 20 | 33 8 18 4 35 | 28 39 | 31 6 30 27 10 | 37 17 25 | 15 3 12 29 9
0.800000 0.955000 0.064000 0.137000 0.593000 0.145000 0.735000 0.786000 0.429000 0.322000 0.436000 0.877000 0.471000 0.442000 0.406000 0.615000 0.368000 0.820000 0.100000 0.821000 0.253000 0.785000 0.969000 0.442000 0.692000 0.023000 0.346000 0.976000 0.031000 0.475000 0.967000 0.203000 0.076000 0.200000 0.366000 0.588000 0.717000 0.001000 0.182000 0.133000 0.524000 0.356000 0.880000 0.424000 0.078000 0.773000 0.983000 0.023000 0.742000 0.181000 0.772000 0.857000 0.640000 0.778000 0.898000 0.913000 0.913000 0.326000 0.253000 0.364000 0.528000 0.268000 0.896000 0.254000 0.579000 0.905000 0.155000 0.712000 0.451000 0.940000 0.613000 0.273000 0.884000 0.614000 0.072000 0.225000 0.765000 0.016000 0.224000 0.703000 0.168000 0.538000 0.918000 0.870000 0 97 61 54 14 93 90 83 70 92 76 25 90 33 70 13 61 39 78 98 26 73 63 22 55 72 72 33 51 49 64 84 40 28 76 78 32 58 35 31 38 79 293 32 output 26 4 8 27 | 33 6 9 35 | 11 34 23 10 14 | 18 30 17 15 41 40 | 7 31 3 36 | 37 12 29 32 22 | 42 28 | 21 5 20 2 38 | 25 13 19 39 24 16
0.634000 0.069000 0.613000 0.266000 0.500000 0.511000 0.031000 0.106000 0.477000 0.512000 0.862000 0.469000 0.115000 0.850000 0.932000 0.237000 0.436000 0.547000 0.473000 0.487000 0.663000 0.357000 0.787000 0.376000 0.991000 0.499000 0.484000 0.103000 0.827000 0.879000 0.955000 0.048000 0.961000 0.448000 0.860000 0.980000 0.378000 0.458000 0.334000 0.485000 0.931000 0.456000 0.030000 0.310000 0.767000 0.568000 0.646000 0.730000 0.255000 0.384000 0.843000 0.246000 0.309000 0.318000 0.122000 0.973000 0.543000 0.120000 0.324000 0.091000 0.529000 0.277000 0.014000 0.903000 0.719000 0.550000 0.298000 0.346000 0.553000 0.849000 0.992000 0.352000 0.983000 0.142000 0.232000 0.265000 0.093000 0.125000 0.917000 0.539000 0.442000 0.588000 0.643000 0.166000 0 37 9 51 42 69 37 62 2 20 3 62 58 0 17 33 12 77 45 5 94 3 63 25 66 40 97 55 58 54 72 79 40 90 36 45 47 54 80 49 35 92 234 20 output 10 9 41 28 32 7 20 | 42 29 | 11 23 40 13 17 36 | 14 39 4 22 34 | 33 15 18 35 24 2 | 31 3 5 19 25 | 26 8 37 16 | 12 6 21 | 30 38 27
0.186000 0.762000 0.057000 0.571000 0.040000 0.692000 0.476000 0.353000 0.034000 0.384000 0.727000 0.385000 0.481000 0.302000 0.283000 0.087000 0.890000 0.108000 0.669000 0.770000 0.958000 0.357000 0.357000 0.754000 0.373000 0.892000 0.568000 0.561000 0.193000 0.151000 0.682000 0.368000 0.829000 0.454000 0.989000 0.908000 0.526000 0.085000 0.740000 0.645000 0.311000 0.262000 0.107000 0.181000 0.088000 0.735000 0.751000 0.493000 0.717000 0.469000 0.206000 0.014000 0.093000 0.247000 0.624000 0.009000 0.330000 0.833000 0.665000 0.982000 0.958000 0.842000 0.177000 0.383000 0.214000 0.938000 0 89 78 5 10 29 86 15 40 81 73 70 66 30 15 95 71 77 21 82 54 48 39 27 56 78 94 75 52 4 95 37 85 278 17 output 32 21 7 16 | 2 3 23 | 10 31 18 30 | 20 17 24 25 14 | 4 19 28 9 11 6 | 33 13 29 12 | 8 26 15 22 27 5
0.400000 0.215000 0.619000 0.027000 0.302000 0.248000 0.561000 0.652000 0.585000 0.720000 0.599000 0.759000 0.007000 0.269000 0.439000 0.750000 0.684000 0.789000 0.154000 0.179000 0.471000 0.248000 0.244000 0.123000 0.530000 0.963000 0.145000 0.831000 0.318000 0.841000 0.331000 0.930000 0.957000 0.943000 0.580000 0.668000 0.625000 0.027000 0.309000 0.635000 0.978000 0.195000 0.164000 0.343000 0.316000 0.489000 0.918000 0.152000 0.435000 0.367000 0.910000 0.668000 0.762000 0.407000 0.719000 0.084000 0.426000 0.807000 0.967000 0.552000 0.832000 0.808000 0.082000 0.126000 0.662000 0.838000 0 41 81 97 67 77 81 75 66 70 7 95 84 88 49 31 2 97 67 92 85 35 1 81 57 33 85 32 46 4 48 3 85 291 19 output 30 26 17 31 9 6 25 | 8 29 13 33 | 22 7 32 10 12 | 3 2 19 | 18 5 4 | 23 14 16 15 20 | 11 27 21 24 28
0.937000 0.247000 0.994000 0.140000 0.450000 0.584000 0.318000 0.224000 0.067000 0.953000 0.684000 0.921000 0.846000 0.474000 0.222000 0.236000 0.811000 0.568000 0.807000 0.511000 0.760000 0.225000 0.758000 0.518000 0.521000 0.429000 0.221000 0.084000 0.362000 0.108000 0.637000 0.228000 0.111000 0.580000 0.068000 0.735000 0.473000 0.921000 0.885000 0.724000 0.920000 0.569000 0.539000 0.481000 0.652000 0.578000 0.009000 0.033000 0.687000 0.306000 0.490000 0.816000 0.564000 0.182000 0.024000 0.294000 0.505000 0.359000 0.676000 0.576000 0.180000 0.598000 0.358000 0.207000 0.079000 0.067000 0 20 13 59 96 93 86 37 77 26 75 61 56 35 47 15 60 85 29 97 95 38 1 85 72 17 10 0 37 52 61 5 8 242 20 output 16 32 4 17 31 29 | 13 22 12 7 | 30 6 20 | 21 9 10 | 3 18 5 19 26 23 | 2 15 14 33 24 28 8 27 | 25 11
0.917000 0.117000 0.012000 0.423000 0.548000 0.152000 0.564000 0.225000 0.586000 0.336000 0.750000 0.498000 0.975000 0.635000 0.834000 0.060000 0.373000 0.900000 0.208000 0.953000 0.670000 0.556000 0.169000 0.046000 0.966000 0.460000 0.772000 0.276000 0.334000 0.026000 0.432000 0.622000 0.706000 0.657000 0.965000 0.629000 0.932000 0.261000 0.442000 0.719000 0.732000 0.774000 0.586000 0.342000 0.206000 0.744000 0.562000 0.909000 0.737000 0.557000 0.723000 0.248000 0.778000 0.557000 0.600000 0.673000 0.814000 0.610000 0.593000 0.834000 0.408000 0.284000 0.956000 0.800000 0.948000 0.137000 0 17 54 47 11 39 42 26 6 77 35 33 60 16 4 22 19 99 47 48 35 8 9 78 82 23 89 62 37 5 12 8 89 194 18 output 7 32 21 30 24 16 | 29 17 28 11 6 | 20 9 10 23 2 12 15 | 18 13 | 19 33 | 14 25 27 | 8 3 4 31 22 5 26
0.283000 0.764000 0.017000 0.637000 0.872000 0.154000 0.465000 0.082000 0.113000 0.898000 0.378000 0.481000 0.355000 0.484000 0.195000 0.755000 0.614000 0.478000 0.045000 0.308000 0.096000 0.980000 0.899000 0.053000 0.824000 0.942000 0.193000 0.534000 0.582000 0.983000 0.200000 0.621000 0.567000 0.834000 0.370000 0.688000 0.726000 0.149000 0.072000 0.197000 0.041000 0.777000 0.540000 0.730000 0.874000 0.575000 0.178000 0.140000 0.292000 0.699000 0.219000 0.596000 0.008000 0.174000 0.786000 0.799000 0.331000 0.603000 0.460000 0.368000 0.958000 0.467000 0.057000 0.227000 0.177000 0.627000 0 79 35 69 86 92 8 97 52 69 82 54 11 63 25 75 69 42 53 95 40 35 33 23 11 93 6 68 84 26 90 17 1 263 14 output 15 13 28 23 31 22 | 29 6 18 | 33 10 32 27 20 24 30 7 25 | 8 21 2 | 17 11 5 | 9 3 12 19 4 | 16 14 26
0.906000 0.420000 0.413000 0.985000 0.886000 0.889000 0.063000 0.844000 0.952000 0.702000 0.841000 0.431000 0.729000 0.407000 0.505000 0.628000 0.773000 0.084000 0.267000 0.114000 0.675000 0.308000 0.407000 0.235000 0.936000 0.786000 0.306000 0.990000 0.926000 0.695000 0.354000 0.843000 0.016000 0.510000 0.430000 0.414000 0.582000 0.761000 0.625000 0.262000 0.963000 0.994000 0.210000 0.356000 0.811000 0.266000 0.861000 0.799000 0.967000 0.681000 0.801000 0.986000 0.206000 0.872000 0.291000 0.382000 0.663000 0.192000 0.717000 0.487000 0.593000 0.139000 0.569000 0.335000 0.169000 0.952000 0 74 29 25 39 22 64 13 23 40 37 95 85 36 1 66 59 20 83 91 3 12 4 94 0 72 64 7 75 97 37 22 63 227 20 output 6 30 7 | 14 33 4 17 22 28 18 | 29 20 11 | 23 9 31 10 12 32 | 24 13 5 25 | 2 27 16 8 | 19 26 21 3 15
0.601000 0.765000 0.208000 0.422000 0.438000 0.060000 0.676000 0.242000 0.246000 0.358000 0.760000 0.021000 0.775000 0.320000 0.700000 0.575000 0.847000 0.744000 0.125000 0.808000 0.435000 0.036000 0.647000 0.267000 0.582000 0.777000 0.893000 0.407000 0.705000 0.813000 0.681000 0.515000 0.386000 0.691000 0.761000 0.044000 0.479000 0.802000 0.343000 0.251000 0.442000 0.697000 0.678000 0.425000 0.805000 0.452000 0.952000 0.778000 0.285000 0.814000 0.565000 0.975000 0.592000 0.759000 0.010000 0.061000 0.128000 0.451000 0.012000 0.444000 0.275000 0.215000 0.332000 0.621000 0.515000 0.817000 0 95 81 62 48 87 28 95 40 76 59 72 83 19 20 21 0 49 20 18 24 45 9 30 54 37 66 89 31 98 9 51 45 244 17 output 8 16 23 14 24 9 15 | 26 10 25 19 33 | 4 6 18 22 | 20 31 28 30 17 21 | 7 12 11 3 | 27 13 | 5 2 29 32
0.211000 0.046000 0.310000 0.585000 0.391000 0.956000 0.875000 0.743000 0.849000 0.930000 0.615000 0.238000 0.797000 0.078000 0.705000 0.387000 0.695000 0.501000 0.504000 0.474000 0.108000 0.150000 0.921000 0.496000 0.828000 0.293000 0.165000 0.209000 0.590000 0.785000 0.663000 0.746000 0.417000 0.702000 0.564000 0.229000 0.711000 0.790000 0.357000 0.766000 0.836000 0.463000 0.251000 0.531000 0.291000 0.423000 0.476000 0.292000 0.943000 0.117000 0.739000 0.808000 0.803000 0.530000 0.517000 0.056000 0.016000 0.219000 0.899000 0.375000 0.941000 0.896000 0.884000 0.486000 0.880000 0.910000 0 10 91 16 64 48 3 1 44 68 0 53 8 63 88 85 38 61 25 43 24 40 47 95 50 89 35 93 10 78 6 56 76 236 15 output 8 9 4 31 33 5 19 | 13 30 25 7 28 | 14 23 22 29 11 | 18 6 24 | 16 26 17 | 21 32 12 27 10 | 2 20 3 15
0.683000 0.494000 0.809000 0.406000 0.979000 0.033000 0.320000 0.908000 0.141000 0.765000 0.059000 0.109000 0.060000 0.073000 0.070000 0.221000 0.047000 0.292000 0.218000 0.793000 0.369000 0.150000 0.145000 0.760000 0.139000 0.501000 0.788000 0.090000 0.062000 0.107000 0.172000 0.410000 0.556000 0.357000 0.948000 0.429000 0.316000 0.478000 0.419000 0.645000 1.000000 0.312000 0.207000 0.980000 0.203000 0.533000 0.366000 0.859000 0.139000 0.403000 0.578000 0.935000 0.916000 0.937000 0.478000 0.321000 0.634000 0.515000 0.640000 0.700000 0.875000 0.507000 0.715000 0.922000 0.555000 0.982000 0 78 64 3 32 63 17 16 72 65 59 19 64 25 78 12 46 74 40 69 95 0 52 16 5 88 23 57 76 6 46 3 73 225 25 output 8 9 25 16 13 23 | 14 3 21 | 2 18 31 | 24 4 22 5 12 10 20 | 27 32 33 26 30 | 29 19 28 17 | 6 15 7 11
0.463000 0.175000 0.487000 0.302000 0.565000 0.768000 0.230000 0.726000 0.440000 0.392000 0.846000 0.804000 0.186000 0.110000 0.835000 0.311000 0.545000 0.221000 0.355000 0.682000 0.780000 0.856000 0.521000 0.258000 0.402000 0.544000 0.731000 0.729000 0.092000 0.928000 0.784000 0.370000 0.549000 0.420000 0.316000 0.665000 0.829000 0.846000 0.389000 0.061000 0.895000 0.065000 0.193000 0.523000 0.795000 0.675000 0.329000 0.746000 0.407000 0.812000 0.307000 0.060000 0.867000 0.487000 0.481000 0.987000 0.998000 0.599000 0.780000 0.721000 0.662000 0.993000 0.337000 0.355000 0.032000 0.233000 0 29 96 85 10 65 5 10 69 9 37 5 75 21 50 79 89 72 77 84 68 0 69 88 95 29 20 96 88 81 76 51 65 281 24 output 12 17 23 29 27 | 3 31 28 5 | 20 26 7 33 | 30 6 19 11 14 | 9 16 8 21 | 2 13 10 24 18 | 32 22 4 15 25
0.916000 0.420000 0.348000 0.387000 0.685000 0.295000 0.609000 0.517000 0.194000 0.915000 0.573000 0.287000 0.296000 0.912000 0.474000 0.720000 0.604000 0.388000 0.697000 0.644000 0.235000 0.681000 0.581000 0.073000 0.051000 0.424000 0.308000 0.463000 0.215000 0.537000 0.598000 0.708000 0.942000 0.681000 0.019000 0.050000 0.081000 0.299000 0.978000 0.690000 0.003000 0.436000 0.791000 0.359000 0.839000 0.092000 0.691000 0.113000 0.113000 0.954000 0.660000 0.760000 0.583000 0.055000 0.763000 0.326000 0.915000 0.550000 0.564000 0.505000 0.225000 0.904000 0.867000 0.314000 0.509000 0.822000 0 46 90 19 19 26 32 37 37 67 49 23 91 27 22 66 93 82 57 88 59 30 88 46 31 40 31 57 96 37 70 59 1 253 18 output 26 33 7 25 5 31 8 | 32 3 28 22 | 18 19 2 30 4 | 16 10 29 | 9 6 12 27 24 23 | 17 20 | 14 13 21 15 11
0.707000 0.783000 0.755000 0.913000 0.526000 0.899000 0.501000 0.950000 0.082000 0.396000 0.042000 0.265000 0.631000 0.727000 0.413000 0.787000 0.242000 0.614000 0.091000 0.346000 0.316000 0.619000 0.864000 0.521000 0.555000 0.158000 0.330000 0.911000 0.577000 0.607000 0.895000 0.977000 0.661000 0.091000 0.929000 0.926000 0.552000 0.498000 0.618000 0.211000 0.367000 0.378000 0.861000 0.441000 0.047000 0.016000 0.191000 0.739000 0.810000 0.480000 0.032000 0.314000 0.721000 0.244000 0.401000 0.304000 0.482000 0.586000 0.130000 0.732000 0.552000 0.052000 0.432000 0.606000 0.376000 0.225000 0 25 11 68 76 87 78 67 5 79 11 29 73 83 77 17 15 64 44 97 60 88 93 84 40 36 97 96 6 65 40 38 53 282 21 output 12 22 25 19 15 | 10 6 26 5 | 27 17 13 20 | 7 2 16 18 | 8 14 4 3 | 29 21 9 30 24 11 32 | 28 33 23 31
0.539000 0.091000 0.540000 0.393000 0.382000 0.405000 0.099000 0.046000 0.459000 0.853000 0.763000 0.206000 0.848000 0.151000 0.014000 0.188000 0.855000 0.562000 0.192000 0.559000 0.815000 0.884000 0.918000 0.113000 0.063000 0.850000 0.005000 0.489000 0.061000 0.764000 0.849000 0.830000 0.778000 0.609000 0.837000 0.173000 0.770000 0.044000 0.569000 0.357000 0.639000 0.974000 0.406000 0.675000 0.980000 0.764000 0.151000 0.225000 0.468000 0.478000 0.765000 0.549000 0.176000 0.601000 0.207000 0.985000 0.478000 0.307000 0.044000 0.260000 0.274000 0.550000 0.807000 0.808000 0.828000 0.495000 0 26 56 67 88 30 52 73 4 6 36 97 8 8 82 11 37 15 49 23 48 4 52 54 60 52 56 47 60 24 40 99 14 216 23 output 24 8 4 | 30 14 15 27 31 | 29 3 25 2 | 22 5 21 28 13 10 | 6 26 17 20 | 19 12 7 18 | 32 11 16 23 9 33
0.584000 0.649000 0.191000 0.060000 0.298000 0.213000 0.223000 0.044000 0.561000 0.571000 0.770000 0.322000 0.168000 0.034000 0.714000 0.593000 0.211000 0.543000 0.540000 0.422000 0.000000 0.066000 0.137000 0.246000 0.890000 0.030000 0.974000 0.241000 0.649000 0.268000 0.073000 0.262000 0.862000 0.936000 0.645000 0.739000 0.960000 0.243000 0.043000 0.285000 0.723000 0.750000 0.753000 0.555000 0.563000 0.893000 0.140000 0.822000 0.303000 0.629000 0.052000 0.517000 0.988000 0.087000 0.630000 0.936000 0.191000 0.551000 0.158000 0.881000 0.447000 0.135000 0.472000 0.283000 0.453000 0.531000 0 36 55 40 94 46 63 85 47 29 14 53 73 2 54 96 86 54 68 9 6 59 40 26 91 21 75 99 3 49 23 18 17 240 24 output 10 32 31 4 2 7 11 33 | 19 14 27 13 | 6 15 5 | 18 8 22 | 23 28 17 21 | 30 24 9 25 | 29 26 20 16 12 3
0.346000 0.901000 0.649000 0.472000 0.305000 0.438000 0.065000 0.019000 0.890000 0.415000 0.819000 0.318000 0.898000 0.779000 0.352000 0.886000 0.530000 0.283000 0.152000 0.656000 0.014000 0.581000 0.999000 0.584000 0.653000 0.451000 0.649000 0.387000 0.790000 0.332000 0.707000 0.020000 0.587000 0.638000 0.935000 0.256000 0.353000 0.756000 1.000000 0.750000 0.972000 0.627000 0.076000 0.010000 0.154000 0.044000 0.017000 0.740000 0.990000 0.795000 0.260000 0.439000 0.492000 0.877000 0.204000 0.188000 0.712000 0.713000 0.720000 0.976000 0.664000 0.023000 0.409000 0.725000 0.550000 0.915000 0 61 55 66 2 37 11 47 2 48 43 91 1 31 3 92 43 78 30 93 37 36 88 52 39 90 72 37 75 84 74 46 90 259 20 output 8 32 3 26 | 17 5 18 6 15 14 13 2 | 4 22 23 28 19 | 29 21 20 25 7 | 12 16 31 9 | 30 33 27 | 10 11 24
0.562000 0.504000 0.858000 0.606000 0.376000 0.469000 0.938000 0.425000 0.804000 0.838000 0.353000 0.795000 0.102000 0.561000 0.747000 0.659000 0.890000 0.880000 0.631000 0.746000 0.100000 0.909000 0.359000 0.989000 0.125000 0.215000 0.160000 0.255000 0.509000 0.327000 0.636000 0.666000 0.963000 0.857000 0.291000 0.722000 0.107000 0.523000 0.871000 0.566000 0.787000 0.301000 0.947000 0.020000 0.964000 0.864000 0.063000 0.695000 0.550000 0.634000 0.798000 0.067000 0.533000 0.218000 0.458000 0.609000 0.592000 0.717000 0.338000 0.476000 0.945000 0.759000 0.061000 0.329000 0.644000 0.214000 0 7 28 58 62 28 38 66 65 61 75 58 81 92 84 81 13 87 4 93 27 22 10 69 11 41 32 0 58 65 42 25 37 238 15 output 24 11 12 6 | 25 29 10 16 | 27 14 13 32 | 31 17 23 9 5 | 8 2 20 4 | 15 33 26 22 21 | 28 18 7 19 30 3
0.930000 0.959000 0.844000 0.258000 0.434000 0.527000 0.761000 0.603000 0.009000 0.289000 0.706000 0.633000 0.230000 0.917000 0.843000 0.583000 0.340000 0.227000 0.799000 0.821000 0.046000 0.245000 0.764000 0.179000 0.021000 0.484000 0.625000 0.738000 0.932000 0.558000 0.655000 0.542000 0.096000 0.531000 0.693000 0.151000 0.790000 0.724000 0.381000 0.479000 0.879000 0.809000 0.819000 0.166000 0.619000 0.643000 0.822000 0.394000 0.861000 0.462000 0.688000 0.463000 0.690000 0.743000 0.460000 0.041000 0.084000 0.489000 0.677000 0.524000 0.829000 0.717000 0.666000 0.306000 0.816000 0.685000 0.990000 0.003000 0.783000 0.930000 0.096000 0.425000 0.464000 0.702000 0.586000 0.977000 0.658000 0.079000 0.099000 0.969000 0.551000 0.416000 0 6 66 26 90 58 78 84 93 8 99 18 54 80 57 36 13 89 93 74 32 88 19 4 24 32 60 21 91 57 56 7 91 92 16 44 92 40 85 31 71 272 22 output 38 37 14 27 | 36 5 11 28 12 | 25 24 2 22 34 15 | 3 20 9 26 | 17 29 13 40 7 | 23 41 39 18 32 | 19 33 31 21 | 10 6 16 30 4 8 | 35
0.314000 0.210000 0.332000 0.002000 0.106000 0.244000 0.119000 0.080000 0.133000 0.826000 0.853000 0.329000 0.896000 0.006000 0.707000 0.427000 0.312000 0.965000 0.035000 0.070000 0.261000 0.371000 0.835000 0.379000 0.790000 0.810000 0.545000 0.458000 0.202000 0.246000 0.699000 0.965000 0.660000 0.714000 0.497000 0.233000 0.841000 0.268000 0.874000 0.783000 0.522000 0.542000 0.967000 0.268000 0.244000 0.344000 0.189000 0.606000 0.881000 0.253000 0.521000 0.209000 0.263000 0.047000 0.906000 0.122000 0.161000 0.489000 0.157000 0.477000 0.710000 0.497000 0.953000 0.103000 0.329000 0.123000 0.813000 0.165000 0.983000 0.254000 0.944000 0.459000 0.409000 0.588000 0.066000 0.504000 0.155000 0.727000 0.850000 0.911000 0.976000 0.318000 0 91 78 82 94 35 35 12 14 25 97 18 14 6 16 80 46 8 60 33 56 77 76 27 5 17 46 63 5 9 94 0 99 52 62 72 30 87 72 33 64 237 29 output 26 19 25 41 36 12 | 33 2 27 | 23 | 21 31 6 34 | 24 39 5 9 37 | 4 10 3 15 | 22 35 28 32 7 | 38 29 30 11 | 18 8 20 13 40 16 17 14
0.128000 0.915000 0.447000 0.488000 0.108000 0.388000 0.554000 0.175000 0.044000 0.716000 0.706000 0.052000 0.038000 0.291000 0.226000 0.667000 0.484000 0.209000 0.277000 0.562000 0.523000 0.440000 0.868000 0.911000 0.214000 0.528000 0.848000 0.241000 0.377000 0.923000 0.211000 0.689000 0.053000 0.493000 0.173000 0.853000 0.460000 0.275000 0.607000 0.923000 0.850000 0.972000 0.656000 0.147000 0.572000 0.019000 0.148000 0.024000 0.107000 0.252000 0.037000 0.927000 0.509000 0.935000 0.962000 0.670000 0.059000 0.938000 0.686000 0.176000 0.996000 0.006000 0.647000 0.747000 0.531000 0.613000 0.119000 0.351000 0.308000 0.219000 0.330000 0.574000 0.172000 0.046000 0.443000 0.933000 0.338000 0.143000 0.282000 0.237000 0.415000 0.725000 0 70 32 70 97 73 13 80 32 63 63 33 90 39 44 57 80 70 18 84 38 45 54 83 56 69 79 54 25 38 67 82 77 30 73 39 41 13 20 63 55 277 25 output 14 31 6 22 30 | 17 3 13 10 | 40 39 37 24 25 7 | 15 27 20 18 | 33 11 2 36 | 29 26 | 41 32 28 12 21 38 | 34 35 23 4 9 19 | 5 8 16
0.767000 0.623000 0.248000 0.275000 0.696000 0.050000 0.714000 0.798000 0.547000 0.596000 0.139000 0.061000 0.021000 0.785000 0.512000 0.984000 0.532000 0.590000 0.869000 0.583000 0.437000 0.220000 0.480000 0.715000 0.047000 0.592000 0.480000 0.462000 0.764000 0.001000 0.650000 0.871000 0.742000 0.450000 0.545000 0.452000 0.542000 0.510000 0.988000 0.585000 0.088000 0.736000 0.955000 0.627000 0.832000 0.761000 0.012000 0.061000 0.532000 0.706000 0.332000 0.465000 0.028000 0.671000 0.327000 0.469000 0.447000 0.466000 0.815000 0.249000 0.334000 0.253000 0.796000 0.277000 0.493000 0.531000 0.740000 0.542000 0.715000 0.310000 0.491000 0.987000 0.684000 0.406000 0.036000 0.543000 0.890000 0.329000 0.241000 0.992000 0.984000 0.204000 0 51 35 55 88 45 95 90 72 82 64 2 24 66 55 32 32 32 51 11 34 68 77 68 94 56 65 5 45 85 15 5 46 41 70 73 61 79 71 65 33 268 24 output 4 16 8 36 | 28 26 31 11 3 15 41 | 5 9 25 | 19 33 29 14 18 | 13 38 24 6 2 | 12 21 27 7 40 | 39 30 32 35 17 | 23 22 20 10 | 37 34
0.058000 0.601000 0.598000 0.863000 0.041000 0.944000 0.653000 0.796000 0.191000 0.301000 0.414000 0.814000 0.113000 0.899000 0.523000 0.280000 0.625000 0.120000 0.218000 0.550000 0.392000 0.554000 0.383000 0.454000 0.436000 0.730000 0.277000 0.064000 0.497000 0.960000 0.418000 0.454000 0.404000 0.543000 0.116000 0.596000 0.701000 0.754000 0.508000 0.108000 0.254000 0.756000 0.552000 0.045000 0.007000 0.066000 0.012000 0.891000 0.207000 0.233000 0.634000 0.420000 0.605000 0.357000 0.459000 0.812000 0.154000 0.991000 0.286000 0.397000 0.767000 0.256000 0.928000 0.847000 0.818000 0.790000 0.497000 0.171000 0.284000 0.489000 0.148000 0.505000 0.380000 0.122000 0.890000 0.814000 0.468000 0.301000 0.096000 0.263000 0.665000 0.501000 0 49 28 31 24 23 29 5 39 45 7 21 2 57 68 31 43 42 87 11 55 37 84 30 96 21 14 65 72 11 63 51 2 56 59 2 95 41 54 9 6 196 28 output 19 4 2 6 | 10 18 | 39 8 27 26 41 38 32 33 13 | 28 15 21 | 34 22 9 31 | 25 23 40 | 7 29 3 24 | 11 17 16 12 30 35 | 5 14 37 20 36
0.048000 0.630000 0.023000 0.288000 0.485000 0.359000 0.797000 0.863000 0.384000 0.866000 0.729000 0.440000 0.879000 0.031000 0.919000 0.251000 0.944000 0.342000 0.324000 0.441000 0.272000 0.644000 0.595000 0.528000 0.491000 0.171000 0.753000 0.951000 0.851000 0.726000 0.218000 0.478000 0.133000 0.937000 0.505000 0.640000 0.008000 0.091000 0.293000 0.848000 0.383000 0.295000 0.712000 0.075000 0.516000 0.815000 0.873000 0.641000 0.183000 0.308000 0.847000 0.234000 0.335000 0.935000 0.690000 0.982000 0.827000 0.493000 0.274000 0.447000 0.041000 0.060000 0.094000 0.264000 0.409000 0.391000 0.455000 0.151000 0.866000 0.112000 0.580000 0.373000 0.299000 0.184000 0.976000 0.293000 0.982000 0.122000 0.596000 0.494000 0.199000 0.199000 0 32 7 57 25 17 18 70 63 54 3 40 76 41 61 85 25 7 57 73 2 70 3 30 65 12 66 22 58 66 48 25 44 15 67 87 21 18 45 9 34 203 19 output 24 9 38 8 26 40 | 35 39 7 22 21 | 23 28 14 4 15 18 11 | 30 10 25 | 33 3 13 34 37 41 | 36 6 29 12 | 2 19 31 32 | 17 27 5 20 | 16
0.670000 0.594000 0.156000 0.801000 0.133000 0.641000 0.042000 0.255000 0.143000 0.414000 0.756000 0.124000 0.851000 0.753000 0.728000 0.055000 0.186000 0.854000 0.324000 0.429000 0.074000 0.242000 0.646000 0.899000 0.547000 0.828000 0.909000 0.902000 0.441000 0.811000 0.872000 0.345000 0.474000 0.267000 0.574000 0.077000 0.878000 0.524000 0.685000 0.240000 0.633000 0.130000 0.622000 0.942000 0.114000 0.558000 0.554000 0.131000 0.619000 0.974000 0.702000 0.070000 0.785000 0.607000 0.462000 0.930000 0.583000 0.780000 0.078000 0.080000 0.518000 0.807000 0.916000 0.952000 0.933000 0.623000 0.042000 0.117000 0.443000 0.812000 0.304000 0.827000 0.449000 0.481000 0.856000 0.433000 0.180000 0.419000 0.582000 0.067000 0.915000 0.786000 0 91 23 76 50 68 27 12 43 67 51 44 55 18 54 88 77 83 19 12 65 95 73 15 3 57 15 32 48 98 27 7 46 0 75 27 95 51 83 62 65 250 30 output 12 22 25 32 14 41 27 | 3 23 5 39 | 15 35 31 29 | 17 24 18 40 | 2 9 36 28 13 | 7 33 19 38 16 | 6 8 26 21 20 | 37 10 | 30 34 4 11
0.391000 0.707000 0.405000 0.327000 0.431000 0.355000 0.966000 0.052000 0.312000 0.048000 0.086000 0.346000 0.030000 0.982000 0.749000 0.390000 0.362000 0.271000 0.012000 0.304000 0.461000 0.761000 0.046000 0.849000 0.809000 0.786000 0.181000 0.174000 0.075000 0.005000 0.436000 0.756000 0.063000 0.838000 0.936000 0.272000 0.942000 0.908000 0.457000 0.482000 0.401000 0.098000 0.534000 0.913000 0.372000 0.772000 0.725000 0.585000 0.919000 0.675000 0.950000 0.459000 0.849000 0.079000 0.432000 0.944000 0.251000 0.296000 0.478000 0.225000 0.747000 0.476000 0.515000 0.423000 0.871000 0.070000 0.437000 0.653000 0.055000 0.375000 0.407000 0.706000 0.648000 0.579000 0.156000 0.944000 0.378000 0.220000 0.615000 0.743000 0.311000 0.511000 0 55 98 65 44 84 98 49 68 95 31 37 87 69 75 70 57 60 95 10 22 85 3 20 10 8 65 19 83 82 4 94 32 29 23 14 86 53 1 62 59 263 25 output 23 28 22 40 37 | 38 7 12 17 | 11 16 | 8 31 25 19 13 36 | 35 10 6 41 | 24 26 18 4 33 27 | 20 32 3 2 | 14 15 5 21 39 | 29 9 30 34
0.587000 0.319000 0.206000 0.801000 0.983000 0.205000 0.655000 0.563000 0.147000 0.822000 0.725000 0.508000 0.419000 0.174000 0.103000 0.566000 0.600000 0.243000 0.573000 0.061000 0.098000 0.274000 0.670000 0.139000 0.072000 0.684000 0.522000 0.007000 0.330000 0.749000 0.261000 0.849000 0.159000 0.868000 0.392000 0.140000 0.490000 0.809000 0.394000 0.659000 0.457000 0.710000 0.011000 0.507000 0.587000 0.976000 0.134000 0.909000 0.940000 0.866000 0.949000 0.329000 0.605000 0.559000 0.555000 0.882000 0.760000 0.257000 0.715000 0.739000 0.092000 0.591000 0.645000 0.079000 0.326000 0.790000 0.792000 0.682000 0.114000 0.427000 0.736000 0.918000 0.529000 0.887000 0.419000 0.210000 0.496000 0.276000 0.578000 0.376000 0.651000 0.749000 0 77 54 5 30 30 31 99 50 59 46 56 97 90 2 44 87 98 25 23 19 38 42 17 49 60 97 80 93 46 69 4 51 66 2 5 30 7 91 46 74 249 31 output 19 37 28 23 36 25 | 7 11 35 8 31 | 27 40 | 22 13 2 15 20 | 4 41 30 34 6 | 12 32 10 14 | 29 3 26 | 39 38 18 9 | 5 17 24 16 33 21
0.121000 0.003000 0.373000 0.180000 0.801000 0.037000 0.625000 0.010000 0.383000 0.256000 0.611000 0.793000 0.691000 0.907000 0.699000 0.998000 0.955000 0.866000 0.327000 0.361000 0.257000 0.321000 0.332000 0.984000 0.718000 0.675000 0.723000 0.182000 0.304000 0.979000 0.410000 0.728000 0.738000 0.697000 0.966000 0.648000 0.308000 0.461000 0.620000 0.129000 0.962000 0.250000 0.977000 0.372000 0.031000 0.295000 0.728000 0.247000 0.594000 0.760000 0.061000 0.336000 0.249000 0.189000 0.584000 0.765000 0.348000 0.535000 0.068000 0.066000 0.351000 0.524000 0.320000 0.951000 0.966000 0.408000 0.565000 0.486000 0.270000 0.007000 0.766000 0.669000 0.371000 0.133000 0.497000 0.482000 0.688000 0.412000 0.890000 0.469000 0.521000 0.776000 0 8 21 28 29 72 29 78 44 4 50 78 1 31 51 24 39 73 70 52 49 31 9 18 7 22 28 2 99 6 20 11 66 22 31 94 7 47 84 92 26 195 20 output 4 3 21 22 33 | 2 39 24 14 20 | 25 6 36 34 | 32 15 12 41 16 10 | 13 17 9 8 7 28 | 40 18 5 | 35 37 11 19 26 23 30 | 31 29 38 27
0.848000 0.932000 0.668000 0.072000 0.633000 0.999000 0.587000 0.072000 0.195000 0.907000 0.843000 0.184000 0.992000 0.949000 0.191000 0.990000 0.176000 0.096000 0.171000 0.310000 0.759000 0.214000 0.402000 0.282000 0.794000 0.888000 0.569000 0.521000 0.681000 0.581000 0.525000 0.619000 0.691000 0.487000 0.290000 0.693000 0.739000 0.273000 0.935000 0.307000 0.333000 0.722000 0.522000 0.279000 0.759000 0.243000 0.795000 0.236000 0.336000 0.362000 0.845000 0.853000 0.812000 0.391000 0.676000 0.324000 0.524000 0.581000 0.769000 0.746000 0.706000 0.302000 0.566000 0.777000 0.788000 0.554000 0.978000 0.207000 0.754000 0.955000 0.772000 0.674000 0.953000 0.617000 0.501000 0.343000 0.864000 0.897000 0.493000 0.328000 0.200000 0.979000 0 4 67 82 29 26 42 71 55 15 34 89 55 64 95 9 97 24 90 62 68 83 0 53 10 13 12 14 43 49 46 47 40 79 46 82 2 41 13 62 36 232 32 output 33 31 19 24 | 38 22 4 2 28 | 16 29 14 17 26 | 39 37 20 34 6 11 23 27 | 40 12 9 10 25 | 13 32 3 35 | 36 15 30 | 21 18 5 41 8 | 7
0.329000 0.549000 0.173000 0.117000 0.413000 0.286000 0.287000 0.969000 0.269000 0.454000 0.866000 0.415000 0.370000 0.700000 0.611000 0.377000 0.234000 0.334000 0.818000 0.527000 0.486000 0.914000 0.653000 0.397000 0.078000 0.661000 0.833000 0.556000 0.178000 0.003000 0.462000 0.452000 0.461000 0.362000 0.825000 0.067000 0.067000 0.518000 0.855000 0.508000 0.986000 0.306000 0.975000 0.201000 0.694000 0.619000 0.754000 0.995000 0.668000 0.058000 0.434000 0.053000 0.730000 0.777000 0.546000 0.187000 0.442000 0.172000 0.930000 0.094000 0.223000 0.722000 0.689000 0.534000 0.910000 0.367000 0.199000 0.410000 0.362000 0.869000 0.728000 0.797000 0.536000 0.741000 0.779000 0.516000 0.122000 0.511000 0.567000 0.234000 0.626000 0.296000 0 77 29 41 43 99 10 82 62 0 29 35 42 0 70 67 89 65 94 92 35 29 21 41 57 44 55 89 93 44 96 83 75 97 35 26 42 45 94 46 35 276 28 output 8 12 38 32 23 | 3 29 28 40 | 37 27 36 24 11 4 35 | 10 14 20 6 33 | 17 16 | 7 31 13 19 | 41 25 18 30 22 21 | 5 34 39 | 26 15 2 9
0.306000 0.728000 0.975000 0.037000 0.886000 0.034000 0.321000 0.017000 0.185000 0.326000 0.809000 0.926000 0.026000 0.115000 0.409000 0.609000 0.422000 0.915000 0.495000 0.160000 0.437000 0.012000 0.102000 0.351000 0.593000 0.441000 0.311000 0.773000 0.456000 0.938000 0.382000 0.255000 0.787000 0.575000 0.240000 0.644000 0.387000 0.741000 0.691000 0.266000 0.163000 0.567000 0.078000 0.273000 0.141000 0.728000 0.475000 0.057000 0.283000 0.985000 0.037000 0.527000 0.150000 0.058000 0.750000 0.277000 0.613000 0.393000 0.459000 0.605000 0.617000 0.500000 0.581000 0.208000 0.663000 0.010000 0.451000 0.845000 0.009000 0.495000 0.656000 0.889000 0.940000 0.278000 0.398000 0.898000 0.278000 0.896000 0.243000 0.153000 0.130000 0.307000 0 19 30 45 97 67 79 80 72 95 47 50 68 56 40 70 17 68 56 38 51 31 73 46 76 47 33 62 20 31 46 74 51 24 27 32 7 80 20 35 31 249 32 output 40 4 27 7 12 | 18 21 23 | 32 10 16 | 8 19 | 9 15 6 36 34 | 38 25 39 14 | 30 17 37 2 3 33 11 24 | 31 28 20 29 13 | 5 41 22 35 26
0.790000 0.481000 0.539000 0.814000 0.425000 0.241000 0.704000 0.574000 0.669000 0.068000 0.780000 0.125000 0.002000 0.646000 0.638000 0.627000 0.585000 0.564000 0.134000 0.021000 0.930000 0.270000 0.966000 0.424000 0.958000 0.584000 0.289000 0.995000 0.180000 0.262000 0.098000 0.510000 0.145000 0.635000 0.537000 0.804000 0.791000 0.658000 0.622000 0.616000 0.436000 0.313000 0.474000 0.693000 0.146000 0.526000 0.840000 0.610000 0.606000 0.647000 0.857000 0.422000 0.027000 0.174000 0.092000 0.334000 0.968000 0.195000 0.434000 0.032000 0.071000 0.302000 0.585000 0.849000 0.164000 0.591000 0.573000 0.153000 0.676000 0.941000 0.806000 0.983000 0.735000 0.539000 0.743000 0.035000 0.201000 0.141000 0.825000 0.625000 0.683000 0.382000 0 80 43 30 55 85 38 11 70 63 7 42 52 23 49 79 33 0 73 59 48 28 53 81 70 47 52 62 54 20 51 52 65 81 53 3 48 26 33 78 25 241 23 output 24 40 19 | 6 29 11 12 26 | 21 31 28 16 | 38 5 30 34 41 | 13 36 35 32 2 18 | 3 39 10 27 15 | 22 14 7 17 33 23 | 4 8 25 20 9 | 37
0.119000 0.951000 0.691000 0.499000 0.878000 0.745000 0.915000 0.207000 0.473000 0.389000 0.633000 0.918000 0.377000 0.555000 0.902000 0.050000 0.580000 0.444000 0.753000 0.280000 0.675000 0.415000 0.144000 0.691000 0.562000 0.067000 0.260000 0.796000 0.308000 0.681000 0.619000 0.917000 0.121000 0.723000 0.326000 0.558000 0.199000 0.318000 0.124000 0.802000 0.166000 0.881000 0.092000 0.058000 0.041000 0.309000 0.555000 0.300000 0.061000 0.052000 0.158000 0.375000 0.704000 0.556000 0.304000 0.422000 0.414000 0.508000 0.668000 0.881000 0.585000 0.599000 0.564000 0.070000 0.956000 0.804000 0.577000 0.635000 0.693000 0.848000 0.098000 0.371000 0.132000 0.679000 0.841000 0.213000 0.723000 0.619000 0.407000 0.034000 0.940000 0.221000 0 13 97 71 63 86 80 83 33 14 99 40 19 98 95 25 12 96 17 8 41 41 56 63 67 73 19 92 27 4 20 18 56 3 58 19 88 75 77 30 62 255 30 output 34 2 11 9 29 7 | 14 12 37 17 20 | 16 33 3 39 | 28 5 18 | 36 40 13 32 8 10 24 | 26 19 22 25 23 | 21 | 31 27 41 4 38 | 6 30 35 15
0.726000 0.864000 0.995000 0.601000 0.891000 0.252000 0.016000 0.180000 0.517000 0.317000 0.565000 0.940000 0.701000 0.666000 0.483000 0.341000 0.272000 0.735000 0.551000 0.329000 0.382000 0.448000 0.707000 0.762000 0.807000 0.056000 0.828000 0.791000 0.654000 0.890000 0.901000 0.982000 0.601000 0.131000 0.802000 0.748000 0.124000 0.043000 0.992000 0.463000 0.974000 0.659000 0.538000 0.256000 0.628000 0.024000 0.327000 0.285000 0.468000 0.260000 0.233000 0.895000 0.011000 0.386000 0.977000 0.777000 0.449000 0.889000 0.541000 0.996000 0.499000 0.141000 0.574000 0.207000 0.149000 0.338000 0.340000 0.681000 0.944000 0.937000 0.194000 0.799000 0.713000 0.790000 0.611000 0.964000 0.911000 0.343000 0.620000 0.910000 0.224000 0.616000 0 23 32 8 95 9 38 93 48 83 90 40 6 44 43 29 51 33 52 27 64 70 67 3 62 14 49 22 55 64 87 95 87 7 14 16 72 4 63 75 1 230 21 output 15 40 6 30 38 | 25 31 22 | 34 41 33 27 4 19 24 | 14 18 21 28 35 16 | 7 5 8 | 11 9 36 26 29 | 10 32 17 | 37 12 | 23 13 3 39 20 2
0.961000 0.349000 0.875000 0.708000 0.755000 0.114000 0.135000 0.444000 0.327000 0.009000 0.084000 0.536000 0.510000 0.632000 0.068000 0.733000 0.164000 0.940000 0.344000 0.187000 0.984000 0.489000 0.493000 0.373000 0.702000 0.144000 0.942000 0.712000 0.664000 0.812000 0.220000 0.163000 0.270000 0.934000 0.218000 0.279000 0.526000 0.227000 0.813000 0.207000 0.544000 0.924000 0.410000 0.806000 0.662000 0.502000 0.068000 0.899000 0.953000 0.143000 0.828000 0.683000 0.716000 0.029000 0.794000 0.137000 0.936000 0.247000 0.546000 0.628000 0.960000 0.812000 0.000000 0.286000 0.468000 0.344000 0.311000 0.259000 0.375000 0.276000 0.243000 0.998000 0.301000 0.410000 0.837000 0.766000 0.302000 0.041000 0.709000 0.420000 0.156000 0.952000 0.240000 0.503000 0.923000 0.105000 0.542000 0.464000 0.148000 0.169000 0 78 39 15 53 50 19 41 76 81 61 75 15 58 84 14 48 84 26 49 38 99 56 69 87 29 70 1 10 80 72 40 97 92 74 23 10 23 68 79 21 79 87 13 52 266 26 output 28 3 27 13 40 11 | 44 37 4 32 45 16 39 5 | 42 6 8 24 41 | 12 18 10 19 | 26 2 38 31 14 | 33 34 35 | 7 9 36 17 22 | 23 30 21 15 | 20 43 25 29
0.160000 0.344000 0.836000 0.892000 0.372000 0.755000 0.702000 0.760000 0.974000 0.575000 0.321000 0.471000 0.529000 0.482000 0.460000 0.469000 0.953000 0.680000 0.446000 0.205000 0.317000 0.900000 0.625000 0.246000 0.288000 0.080000 0.116000 0.939000 0.885000 0.367000 0.993000 0.365000 0.964000 0.167000 0.323000 0.547000 0.601000 0.032000 0.979000 0.713000 0.208000 0.729000 0.778000 0.737000 0.850000 0.183000 0.848000 0.943000 0.265000 0.395000 0.156000 0.800000 0.913000 0.474000 0.617000 0.746000 0.489000 0.376000 0.197000 0.432000 0.450000 0.369000 0.500000 0.059000 0.903000 0.514000 0.079000 0.251000 0.265000 0.389000 0.169000 0.831000 0.692000 0.297000 0.495000 0.026000 0.052000 0.439000 0.354000 0.230000 0.988000 0.765000 0.121000 0.235000 0.611000 0.821000 0.618000 0.329000 0.494000 0.173000 0 22 18 97 57 95 68 24 21 90 77 94 66 49 34 43 79 0 53 20 72 15 68 65 81 71 66 29 67 77 1 9 80 45 76 76 18 85 70 40 56 19 91 52 24 269 34 output 45 23 17 16 15 37 | 34 42 13 10 40 | 21 36 14 26 | 31 29 7 8 6 | 32 38 19 12 | 35 25 30 | 11 43 4 18 | 39 | 3 28 2 24 41 20 9 22 | 33 5 27 44
0.030000 0.718000 0.669000 0.548000 0.435000 0.509000 0.796000 0.538000 0.931000 0.050000 0.660000 0.653000 0.223000 0.757000 0.538000 0.976000 0.777000 0.173000 0.293000 0.274000 0.862000 0.716000 0.782000 0.492000 0.633000 0.010000 0.230000 0.600000 0.563000 0.900000 0.121000 0.522000 0.044000 0.024000 0.184000 0.570000 0.143000 0.369000 0.723000 0.524000 0.022000 0.717000 0.110000 0.332000 0.314000 0.442000 0.644000 0.934000 0.182000 0.956000 0.640000 0.014000 0.122000 0.055000 0.340000 0.909000 0.895000 0.679000 0.676000 0.075000 0.558000 0.758000 0.108000 0.672000 0.954000 0.098000 0.931000 0.662000 0.740000 0.367000 0.443000 0.300000 0.440000 0.060000 0.029000 0.498000 0.332000 0.728000 0.583000 0.767000 0.304000 0.429000 0.882000 0.509000 0.450000 0.932000 0.416000 0.712000 0.461000 0.967000 0 16 58 28 67 54 16 59 38 7 12 55 56 47 16 44 2 52 12 28 13 49 53 61 81 5 70 88 89 60 80 51 73 70 12 32 52 43 85 21 97 48 67 23 12 228 34 output 16 19 22 27 17 38 | 32 28 25 | 39 44 31 40 7 | 18 20 12 42 4 2 | 43 45 8 24 15 | 11 29 34 6 | 14 30 26 13 37 10 | 35 33 5 9 36 | 3 23 41 21
0.938000 0.207000 0.351000 0.019000 0.295000 0.409000 0.349000 0.286000 0.812000 0.882000 0.352000 0.910000 0.110000 0.949000 0.599000 0.013000 0.892000 0.785000 0.971000 0.234000 0.494000 0.290000 0.432000 0.116000 0.951000 0.525000 0.548000 0.201000 0.569000 0.287000 0.306000 0.021000 0.837000 0.252000 0.086000 0.133000 0.492000 0.447000 0.218000 0.028000 0.606000 0.212000 0.131000 0.852000 0.372000 0.253000 0.651000 0.218000 0.408000 0.167000 0.194000 0.133000 0.953000 0.841000 0.741000 0.990000 0.429000 0.630000 0.613000 0.106000 0.625000 0.998000 0.771000 0.877000 0.841000 0.216000 0.051000 0.110000 0.012000 0.206000 0.817000 0.112000 0.269000 0.655000 0.726000 0.801000 0.310000 0.804000 0.441000 0.837000 0.481000 0.062000 0.069000 0.127000 0.507000 0.568000 0.298000 0.305000 0.417000 0.946000 0 2 34 86 85 59 20 21 7 74 74 70 92 18 80 82 85 36 96 29 9 60 65 57 85 69 60 55 49 28 94 18 43 46 63 20 41 76 24 12 87 4 45 23 19 251 30 output 37 22 7 39 29 43 | 27 5 32 38 | 26 35 34 42 18 20 | 40 6 45 31 28 9 | 3 44 4 23 33 | 24 21 14 25 12 | 10 13 17 | 36 8 2 16 41 30 | 15 11 19
0.571000 0.269000 0.833000 0.173000 0.052000 0.454000 0.442000 0.440000 0.472000 0.983000 0.491000 0.750000 0.712000 0.956000 0.213000 0.062000 0.544000 0.339000 0.909000 0.800000 0.562000 0.177000 0.860000 0.123000 0.651000 0.441000 0.578000 0.339000 0.302000 0.179000 0.276000 0.920000 0.323000 0.918000 0.452000 0.159000 0.175000 0.088000 0.084000 0.658000 0.621000 0.494000 0.188000 0.106000 0.419000 0.020000 0.004000 0.203000 0.301000 0.459000 0.373000 0.823000 0.907000 0.888000 0.080000 0.784000 0.280000 0.431000 0.745000 0.847000 0.178000 0.526000 0.193000 0.790000 0.984000 0.508000 0.141000 0.495000 0.239000 0.139000 0.214000 0.394000 0.810000 0.490000 0.758000 0.890000 0.354000 0.547000 0.620000 0.148000 0.295000 0.831000 0.617000 0.754000 0.406000 0.157000 0.463000 0.109000 0.171000 0.094000 0 45 34 97 8 31 11 81 86 73 52 0 91 46 61 97 13 22 94 9 0 51 89 55 30 47 87 5 60 2 13 24 5 40 2 66 74 30 85 20 97 5 69 96 13 230 27 output 18 36 3 34 29 | 22 8 23 | 11 44 43 | 26 41 39 | 40 12 2 37 13 | 14 4 9 | 24 45 19 35 15 | 33 10 27 7 38 30 42 21 | 25 31 20 28 32 16 17 5 6
0.358000 0.039000 0.045000 0.247000 0.732000 0.733000 0.697000 0.622000 0.413000 0.015000 0.225000 0.864000 0.230000 0.848000 0.737000 0.055000 0.260000 0.840000 0.991000 0.794000 0.185000 0.930000 0.294000 0.467000 0.977000 0.776000 0.408000 0.643000 0.680000 0.375000 0.059000 0.983000 0.514000 0.869000 0.419000 0.598000 0.727000 0.236000 0.434000 0.823000 0.565000 0.693000 0.336000 0.062000 0.525000 0.847000 0.574000 0.506000 0.499000 0.454000 0.696000 0.386000 0.955000 0.752000 0.459000 0.043000 0.889000 0.841000 0.501000 0.715000 0.968000 0.877000 0.366000 0.446000 0.755000 0.312000 0.367000 0.835000 0.982000 0.937000 0.805000 0.256000 0.354000 0.481000 0.700000 0.832000 0.699000 0.959000 0.122000 0.025000 0.264000 0.771000 0.051000 0.299000 0.173000 0.755000 0.375000 0.068000 0.211000 0.980000 0 7 98 94 44 92 39 80 70 50 22 81 31 15 95 40 34 61 83 53 81 5 35 11 5 68 0 8 94 63 11 75 57 49 8 62 50 53 58 92 30 92 57 19 69 255 34 output 4 3 38 25 | 14 9 7 11 45 16 | 44 24 15 26 33 | 27 13 10 31 35 29 39 | 5 40 2 42 22 | 12 37 18 30 | 28 8 36 19 | 34 20 17 23 21 | 32 41 6 43
0.847000 0.727000 0.461000 0.983000 0.317000 0.392000 0.637000 0.358000 0.342000 0.898000 0.349000 0.147000 0.973000 0.879000 0.925000 0.697000 0.927000 0.241000 0.893000 0.690000 0.734000 0.719000 0.378000 0.723000 0.690000 0.718000 0.831000 0.288000 0.892000 0.944000 0.252000 0.128000 0.819000 0.856000 0.541000 0.435000 0.020000 0.839000 0.129000 0.216000 0.652000 0.292000 0.390000 0.837000 0.110000 0.283000 0.952000 0.016000 0.336000 0.519000 1.000000 0.420000 0.907000 0.895000 0.670000 0.697000 0.952000 0.609000 0.728000 0.883000 0.000000 0.373000 0.847000 0.218000 0.212000 0.600000 0.345000 0.873000 0.397000 0.238000 0.786000 0.650000 0.154000 0.656000 0.196000 0.393000 0.820000 0.217000 0.288000 0.574000 0.191000 0.246000 0.673000 0.968000 0.985000 0.538000 0.996000 0.884000 0.891000 0.624000 0 6 40 3 78 95 97 11 31 57 6 82 10 75 1 73 81 92 75 26 1 91 96 23 18 65 9 41 50 91 24 57 32 0 67 34 96 37 91 1 75 28 67 8 15 234 22 output 13 19 37 33 40 25 | 17 15 27 7 44 | 22 12 28 11 | 14 39 32 | 3 20 16 6 | 10 | 30 42 2 5 34 | 36 26 43 29 8 | 18 35 4 21 24 9 45 | 41 23 31 38
0.053000 0.256000 0.113000 0.731000 0.012000 0.666000 0.663000 0.876000 0.213000 0.706000 0.152000 0.208000 0.087000 0.158000 0.218000 0.248000 0.347000 0.099000 0.446000 0.116000 0.043000 0.867000 0.554000 0.763000 0.309000 0.525000 0.420000 0.917000 0.851000 0.466000 0.806000 0.210000 0.548000 0.676000 0.071000 0.358000 0.146000 0.535000 0.158000 0.540000 0.288000 0.372000 0.663000 0.649000 0.807000 0.430000 0.642000 0.247000 0.076000 0.296000 0.497000 0.379000 0.851000 0.984000 0.023000 0.072000 0.407000 0.934000 0.006000 0.519000 0.936000 0.687000 0.612000 0.092000 0.733000 0.506000 0.774000 0.610000 0.955000 0.737000 0.985000 0.305000 0.962000 0.363000 0.262000 0.683000 0.930000 0.793000 0.301000 0.666000 0.334000 0.275000 0.796000 0.772000 0.262000 0.892000 0.629000 0.604000 0.618000 0.024000 0 28 65 32 89 15 48 16 18 10 14 13 5 2 37 73 68 93 80 86 77 85 52 74 89 80 45 61 2 38 30 51 4 23 23 41 65 60 27 12 23 69 55 94 27 228 27 output 30 2 5 38 40 | 9 10 32 16 24 | 3 11 43 29 14 12 17 13 | 19 20 | 45 36 37 15 23 | 42 31 35 39 27 4 | 25 18 | 33 34 22 44 | 21 26 41 8 6 | 7 28
0.599000 0.726000 0.216000 0.826000 0.380000 0.009000 0.358000 0.175000 0.838000 0.047000 0.233000 0.743000 0.627000 0.938000 0.006000 0.210000 0.386000 0.163000 0.549000 0.329000 0.127000 0.754000 0.936000 0.469000 0.267000 0.790000 0.428000 0.065000 0.900000 0.259000 0.349000 0.333000 0.288000 0.025000 0.606000 0.373000 0.708000 0.469000 0.236000 0.020000 0.621000 0.664000 0.872000 0.132000 0.424000 0.508000 0.999000 0.691000 0.570000 0.879000 0.758000 0.938000 0.216000 0.648000 0.777000 0.159000 0.157000 0.234000 0.648000 0.449000 0.756000 0.890000 0.482000 0.472000 0.226000 0.116000 0.268000 0.871000 0.832000 0.059000 0.223000 0.983000 0.087000 0.983000 0.753000 0.844000 1.000000 0.683000 0.857000 0.751000 0.076000 0.172000 0.866000 0.810000 0.835000 0.555000 0.686000 0.622000 0.800000 0.082000 0 80 52 93 68 15 37 64 17 96 48 23 1 2 86 68 22 26 44 26 76 75 73 95 33 63 39 96 62 87 58 91 82 79 11 81 29 27 60 15 83 47 39 93 32 273 22 output 40 24 39 44 | 43 12 15 28 18 | 29 41 8 11 6 | 9 14 3 17 20 33 16 | 22 5 35 45 30 | 13 2 37 36 34 | 27 4 10 19 | 21 32 23 | 42 38 31 26 7 25
0.959000 0.781000 0.859000 0.778000 0.355000 0.148000 0.838000 0.151000 0.508000 0.902000 0.272000 0.253000 0.902000 0.230000 0.167000 0.461000 0.329000 0.267000 0.136000 0.596000 0.190000 0.155000 0.774000 0.300000 0.571000 0.399000 0.717000 0.903000 0.614000 0.964000 0.016000 0.853000 0.532000 0.867000 0.496000 0.735000 0.124000 0.314000 0.915000 0.675000 0.430000 0.406000 0.486000 0.055000 0.186000 0.693000 0.551000 0.970000 0.634000 0.160000 0.924000 0.537000 0.968000 0.804000 0.612000 0.289000 0.539000 0.123000 0.557000 0.151000 0.925000 0.583000 0.533000 0.877000 0.430000 0.268000 0.594000 0.708000 0.978000 0.777000 0.674000 0.414000 0.284000 0.552000 0.064000 0.000000 0.184000 0.584000 0.134000 0.652000 0.566000 0.775000 0.244000 0.413000 0.850000 0.732000 0.446000 0.923000 0.200000 0.213000 0 49 41 75 28 6 15 18 19 86 33 63 78 72 68 12 71 77 18 79 99 85 52 45 81 69 71 38 5 65 23 90 41 59 97 83 55 29 68 90 6 44 86 40 36 269 22 output 32 17 34 2 | 42 8 10 40 16 41 | 37 39 23 18 | 12 4 7 26 31 | 36 13 21 | 5 44 24 15 14 | 43 20 | 27 35 | 30 29 22 25 | 33 9 6 19 45 11 38 3 28
0.152000 0.307000 0.261000 0.400000 0.523000 0.622000 0.066000 0.607000 0.628000 0.759000 0.880000 0.228000 0.039000 0.315000 0.190000 0.648000 0.634000 0.085000 0.371000 0.793000 0.519000 0.443000 0.126000 0.863000 0.754000 0.083000 0.529000 0.363000 0.749000 0.344000 0.304000 0.428000 0.425000 0.748000 0.762000 0.118000 0.906000 0.854000 0.177000 0.806000 0.221000 0.842000 0.972000 0.543000 0.501000 0.547000 0.854000 0.947000 0.100000 0.496000 0.748000 0.656000 0.760000 0.332000 0.223000 0.755000 0.032000 0.324000 0.615000 0.459000 0.598000 0.594000 0.138000 0.212000 0.339000 0.517000 0.369000 0.400000 0.583000 0.295000 0.555000 0.897000 0.485000 0.855000 0.896000 0.112000 0.145000 0.413000 0.002000 0.975000 0.611000 0.994000 0.708000 0.768000 0.465000 0.668000 0.452000 0.524000 0.059000 0.166000 0 34 69 22 38 58 11 71 57 58 51 58 77 14 48 83 51 72 13 17 20 47 84 42 68 23 34 22 21 83 34 85 48 99 33 45 61 54 95 5 8 99 98 74 73 257 28 output 25 39 | 7 29 4 40 12 20 21 28 8 | 11 15 27 6 38 | 2 16 34 | 9 13 18 35 | 26 22 19 24 41 36 37 | 31 42 5 3 | 33 43 17 10 | 45 32 | 44 23 30 14
0.789000 0.537000 0.618000 0.219000 0.072000 0.249000 0.224000 0.661000 0.052000 0.911000 0.595000 0.721000 0.076000 0.490000 0.848000 0.869000 0.495000 0.532000 0.945000 0.139000 0.349000 0.699000 0.565000 0.062000 0.118000 0.553000 0.089000 0.417000 0.001000 0.858000 0.528000 0.402000 0.187000 0.358000 0.174000 0.357000 0.459000 0.702000 0.428000 0.104000 0.961000 0.653000 0.788000 0.023000 0.949000 0.061000 0.411000 0.862000 0.283000 0.060000 0.790000 0.100000 0.588000 0.389000 0.253000 0.094000 0.083000 0.234000 0.244000 0.925000 0.938000 0.791000 0.267000 0.132000 0.359000 0.749000 0.456000 0.304000 0.549000 0.991000 0.214000 0.507000 0.122000 0.755000 0.463000 0.032000 0.683000 0.966000 0.924000 0.178000 0.635000 0.352000 0.688000 0.873000 0.045000 0.065000 0.305000 0.144000 0.564000 0.119000 0 28 40 31 79 59 56 98 13 83 4 77 3 3 68 71 53 41 48 43 24 59 80 98 84 40 88 44 47 84 69 52 80 58 22 34 99 54 51 20 39 46 18 45 4 255 29 output 11 37 15 5 | 26 12 38 20 41 | 9 7 14 3 29 18 17 | 24 30 35 39 | 45 25 28 43 32 44 | 36 13 4 33 19 6 | 40 10 23 22 | 42 8 31 21 | 2 34 16 27
0.414000 0.454000 0.114000 0.020000 0.252000 0.670000 0.320000 0.016000 0.578000 0.733000 0.272000 0.822000 0.540000 0.447000 0.809000 0.278000 0.369000 0.334000 0.534000 0.535000 0.350000 0.361000 0.189000 0.529000 0.294000 0.891000 0.715000 0.474000 0.005000 0.866000 0.687000 0.356000 0.970000 0.660000 0.552000 0.750000 0.072000 0.267000 0.309000 0.414000 0.869000 0.552000 0.675000 0.325000 0.376000 0.413000 0.722000 0.028000 0.014000 0.715000 0.179000 0.199000 0.991000 0.638000 0.666000 0.228000 0.830000 0.113000 0.325000 0.066000 0.179000 0.740000 0.769000 0.564000 0.982000 0.204000 0.584000 0.695000 0.159000 0.312000 0.493000 0.389000 0.862000 0.518000 0.312000 0.542000 0.711000 0.634000 0.322000 0.829000 0.919000 0.924000 0.190000 0.601000 0.581000 0.121000 0.433000 0.506000 0.833000 0.710000 0 26 56 0 8 9 4 32 24 20 91 33 4 43 54 38 27 58 56 84 79 61 84 51 57 72 67 46 34 54 17 35 78 20 21 97 93 50 27 66 30 11 60 12 6 216 32 output 44 3 31 15 25 42 | 34 5 18 40 13 6 38 | 20 35 19 12 | 36 | 21 37 14 | 11 23 | 10 39 45 41 17 27 32 | 9 30 4 2 26 | 7 16 22 28 43 | 24 29 33 8
0.347000 0.344000 0.875000 0.013000 0.349000 0.660000 0.898000 0.016000 0.204000 0.767000 0.916000 0.080000 0.987000 0.938000 0.768000 0.420000 0.168000 0.732000 0.470000 0.572000 0.748000 0.183000 0.415000 0.376000 0.409000 0.175000 0.536000 0.940000 0.140000 0.169000 0.715000 0.815000 0.193000 0.537000 0.801000 0.902000 0.993000 0.479000 0.475000 0.908000 0.049000 0.866000 0.599000 0.355000 0.994000 0.808000 0.526000 0.524000 0.807000 0.026000 0.558000 0.562000 0.913000 0.028000 0.557000 0.740000 0.952000 0.632000 0.836000 0.496000 0.372000 0.026000 0.766000 0.197000 0.119000 0.064000 0.721000 0.230000 0.249000 0.896000 0.127000 0.939000 0.367000 0.822000 0.313000 0.689000 0.648000 0.297000 0.672000 0.652000 0.912000 0.929000 0.251000 0.058000 0.296000 0.930000 0.128000 0.551000 0.394000 0.323000 0 59 4 75 36 39 25 5 60 60 17 19 59 33 4 0 46 52 83 5 12 71 18 8 44 1 39 95 70 87 55 51 11 42 73 47 57 49 40 28 18 13 77 83 21 204 24 output 45 22 12 | 15 33 42 31 13 | 29 23 7 41 18 16 24 | 25 2 11 34 39 | 5 35 37 20 14 | 32 6 27 4 | 26 40 30 19 8 | 3 43 36 21 9 | 44 17 | 38 28 10
0.169000 0.408000 0.248000 0.067000 0.366000 0.318000 0.763000 0.114000 0.320000 0.398000 0.263000 0.303000 0.589000 0.605000 0.210000 0.348000 0.118000 0.557000 0.228000 0.653000 0.154000 0.641000 0.764000 0.586000 0.313000 0.548000 0.369000 0.151000 0.983000 0.186000 0.975000 0.538000 0.838000 0.896000 0.370000 0.351000 0.793000 0.673000 0.143000 0.798000 0.278000 0.851000 0.961000 0.421000 0.157000 0.231000 0.109000 0.531000 0.119000 0.971000 0.569000 0.497000 0.276000 0.268000 0.205000 0.381000 0.504000 0.245000 0.853000 0.141000 0.183000 0.080000 0.842000 0.400000 0.803000 0.312000 0.442000 0.493000 0.255000 0.085000 0.926000 0.746000 0.789000 0.769000 0.207000 0.876000 0.094000 0.745000 0.874000 0.044000 0.713000 0.160000 0.248000 0.864000 0.392000 0.083000 0.287000 0.689000 0.267000 0.577000 0 97 35 87 95 4 91 23 95 36 70 15 56 48 30 54 46 54 60 65 78 30 74 22 31 37 85 76 71 81 41 98 59 27 89 43 91 31 42 3 44 56 30 89 68 280 30 output 6 14 35 2 31 | 13 44 20 11 | 10 21 42 38 25 39 | 37 17 36 19 12 | 41 30 15 40 4 43 | 16 22 32 33 3 | 5 45 9 24 | 18 29 26 7 34 | 23 27 8 28
0.220000 0.300000 0.962000 0.465000 0.793000 0.055000 0.858000 0.060000 0.107000 0.637000 0.115000 0.560000 0.377000 0.338000 0.541000 0.218000 0.816000 0.054000 0.516000 0.825000 0.694000 0.456000 0.510000 0.459000 0.437000 0.867000 0.815000 0.847000 0.955000 0.709000 0.870000 0.487000 0.148000 0.512000 0.359000 0.134000 0.631000 0.891000 0.354000 0.734000 0.582000 0.945000 0.513000 0.423000 0.102000 0.216000 0.006000 0.649000 0.761000 0.769000 0.304000 0.154000 0.319000 0.006000 0.011000 0.699000 0.319000 0.640000 0.932000 0.091000 0.118000 0.475000 0.657000 0.036000 0.126000 0.129000 0.381000 0.481000 0.602000 0.291000 0.314000 0.563000 0.254000 0.554000 0.804000 0.909000 0.205000 0.309000 0.541000 0.809000 0.357000 0.412000 0.670000 0.084000 0.186000 0.858000 0.987000 0.204000 0.705000 0.568000 0 71 55 18 92 19 28 52 35 94 66 24 25 73 6 56 42 64 11 99 58 99 22 69 38 49 91 35 47 9 95 56 22 20 34 44 51 46 0 19 88 69 14 68 26 239 21 output 6 5 28 24 23 | 33 27 18 26 | 32 3 42 8 | 43 13 21 19 40 10 | 9 4 30 44 2 35 | 34 25 38 14 15 16 | 39 31 17 37 36 | 41 12 22 7 | 29 20 45 11
0.478000 0.608000 0.368000 0.755000 0.385000 0.250000 0.979000 0.860000 0.681000 0.941000 0.879000 0.826000 0.783000 0.050000 0.711000 0.833000 0.730000 0.893000 0.948000 0.788000 0.599000 0.953000 0.093000 0.311000 0.342000 0.602000 0.252000 0.544000 0.541000 0.112000 0.066000 0.427000 0.136000 0.005000 0.951000 0.790000 0.549000 0.041000 0.255000 0.888000 0.208000 0.410000 0.657000 0.874000 0.734000 0.181000 0.900000 0.754000 0.405000 0.709000 0.288000 0.966000 0.353000 0.105000 0.458000 0.063000 0.631000 0.462000 0.075000 0.198000 0.738000 0.649000 0.380000 0.631000 0.975000 0.892000 0.556000 0.912000 0.490000 0.185000 0.670000 0.025000 0.883000 0.957000 0.601000 0.328000 0.223000 0.411000 0.017000 0.139000 0.760000 0.555000 0.723000 0.985000 0.507000 0.829000 0.513000 0.337000 0.469000 0.454000 0.773000 0.352000 0 68 17 59 18 49 79 8 29 89 51 30 13 90 65 42 9 57 24 22 80 51 66 88 19 73 7 96 46 23 44 38 96 80 95 53 81 19 88 17 40 23 20 79 69 20 248 29 output 44 15 35 | 25 2 20 26 | 45 39 21 | 38 23 7 36 19 | 10 18 6 9 | 29 46 41 24 31 | 8 37 33 4 | 32 13 14 | 43 34 11 42 5 22 | 3 28 27 17 40 30 12 16
0.022000 0.354000 0.070000 0.532000 0.675000 0.928000 0.623000 0.518000 0.738000 0.321000 0.112000 0.273000 0.950000 0.653000 0.125000 0.190000 0.631000 0.865000 0.897000 0.143000 0.810000 0.576000 0.494000 0.260000 0.630000 0.033000 0.198000 0.327000 0.942000 0.159000 0.246000 0.720000 0.045000 0.470000 0.403000 0.092000 0.850000 0.626000 0.996000 0.554000 0.008000 0.712000 0.693000 0.574000 0.362000 0.939000 0.827000 0.030000 0.856000 0.950000 0.018000 0.930000 0.119000 0.043000 0.661000 0.997000 0.027000 0.252000 0.946000 0.502000 0.562000 0.216000 0.410000 0.444000 0.284000 0.129000 0.476000 0.329000 0.095000 0.452000 0.390000 0.197000 0.469000 0.769000 0.344000 0.830000 0.719000 0.845000 0.830000 0.260000 0.664000 0.190000 0.394000 0.748000 0.046000 0.749000 0.912000 0.598000 0.768000 0.870000 0.328000 0.561000 0 61 50 77 80 91 8 59 3 64 47 85 47 99 41 92 79 17 53 75 53 0 49 66 20 88 45 9 14 91 38 70 85 74 72 55 83 77 91 75 52 45 56 1 93 20 284 30 output 32 34 12 36 | 31 10 15 24 13 18 | 8 33 27 29 | 9 3 28 25 45 39 | 6 14 | 4 5 40 41 | 16 23 26 21 | 43 38 37 42 46 | 35 2 17 | 30 20 7 44 19 11 22
0.613000 0.951000 0.681000 0.605000 0.558000 0.094000 0.571000 0.973000 0.562000 0.506000 0.798000 0.027000 0.713000 0.158000 0.349000 0.570000 0.833000 0.550000 0.613000 0.192000 0.889000 0.355000 0.441000 0.880000 0.861000 0.700000 0.644000 0.687000 0.624000 0.537000 0.456000 0.623000 0.108000 0.618000 0.829000 0.619000 0.734000 0.998000 0.851000 0.421000 0.651000 0.851000 0.296000 0.249000 0.955000 0.342000 0.747000 0.963000 0.063000 0.476000 0.991000 0.206000 0.465000 0.695000 0.647000 0.002000 0.175000 0.810000 0.507000 0.268000 0.589000 0.338000 0.763000 0.339000 0.764000 0.574000 0.831000 0.658000 0.308000 0.989000 0.479000 0.155000 0.064000 0.618000 0.455000 0.737000 0.310000 0.026000 0.153000 0.575000 0.069000 0.686000 0.734000 0.854000 0.596000 0.447000 0.157000 0.629000 0.386000 0.579000 0.867000 0.612000 0 60 28 14 35 45 65 74 23 6 44 75 3 22 63 89 87 37 15 71 43 86 16 76 6 96 22 75 63 61 34 53 67 62 3 95 47 1 81 14 31 38 54 98 1 14 233 25 output 2 33 18 34 | 38 8 5 43 15 | 31 28 3 36 | 17 37 41 29 35 | 23 26 6 7 10 | 44 40 25 45 16 27 | 30 39 22 | 12 4 | 19 24 42 21 | 13 46 9 20 11 32 14
0.934000 0.308000 0.419000 0.967000 0.800000 0.477000 0.930000 0.751000 0.175000 0.854000 0.919000 0.413000 0.959000 0.329000 0.207000 0.740000 0.878000 0.378000 0.950000 0.594000 0.699000 0.324000 0.908000 0.976000 0.871000 0.530000 0.091000 0.540000 0.999000 0.744000 0.872000 0.193000 0.108000 0.021000 0.350000 0.698000 0.662000 0.328000 0.804000 0.508000 0.331000 0.283000 0.897000 0.733000 0.268000 0.507000 0.988000 0.239000 0.843000 0.009000 0.933000 0.903000 0.373000 0.694000 0.809000 0.726000 0.446000 0.734000 0.160000 0.298000 0.182000 0.587000 0.531000 0.831000 0.029000 0.164000 0.801000 0.303000 0.291000 0.670000 0.232000 0.839000 0.204000 0.411000 0.432000 0.586000 0.091000 0.916000 0.781000 0.135000 0.123000 0.600000 0.951000 0.112000 0.113000 0.883000 0.132000 0.180000 0.434000 0.996000 0.930000 0.422000 0 58 50 63 11 70 55 73 23 56 14 94 39 69 74 92 96 32 9 93 48 80 54 61 91 37 16 63 32 38 12 60 19 32 60 91 81 63 18 62 19 72 34 77 35 74 267 21 output 38 23 31 8 18 29 | 17 33 44 21 19 11 | 16 24 | 6 46 7 | 32 12 26 15 | 30 37 14 41 35 | 9 3 20 13 | 28 22 4 10 | 27 36 5 43 39 2 45 | 34 40 25 42
0.140000 0.611000 0.048000 0.205000 0.862000 0.871000 0.542000 0.981000 0.964000 0.235000 0.051000 0.549000 0.422000 0.793000 0.638000 0.684000 0.652000 0.533000 0.837000 0.472000 0.827000 0.181000 0.459000 0.100000 0.491000 0.298000 0.444000 0.366000 0.155000 0.356000 0.920000 0.730000 0.389000 0.684000 0.148000 0.140000 0.732000 0.058000 0.108000 0.910000 0.504000 0.730000 0.554000 0.907000 0.616000 0.161000 0.159000 0.963000 0.076000 0.373000 0.539000 0.412000 0.697000 0.357000 0.370000 0.264000 0.558000 0.184000 0.513000 0.747000 0.011000 0.244000 0.871000 0.383000 0.549000 0.873000 0.844000 0.903000 0.770000 0.480000 0.893000 0.123000 0.147000 0.648000 0.969000 0.312000 0.728000 0.822000 0.631000 0.622000 0.920000 0.387000 0.282000 0.347000 0.829000 0.101000 0.020000 0.134000 0.676000 0.507000 0.166000 0.868000 0 52 12 54 18 55 43 34 63 12 22 68 45 27 41 99 77 32 87 74 80 22 49 81 54 34 84 59 51 88 38 51 83 74 23 79 72 81 67 92 64 54 59 7 45 45 273 35 output 37 46 24 20 | 13 19 43 36 | 30 21 17 | 35 10 32 41 38 5 11 | 8 34 3 16 45 | 25 31 2 44 18 28 14 | 42 29 23 12 15 | 39 4 22 33 7 | 40 9 27 26 | 6
0.535000 0.001000 0.745000 0.249000 0.729000 0.191000 0.159000 0.778000 0.611000 0.168000 0.714000 0.224000 0.375000 0.465000 0.647000 0.645000 0.163000 0.879000 0.031000 0.332000 0.440000 0.217000 0.114000 0.998000 0.875000 0.266000 0.503000 0.452000 0.425000 0.005000 0.149000 0.258000 0.719000 0.302000 0.651000 0.553000 0.483000 0.140000 0.378000 0.022000 0.303000 0.455000 0.417000 0.318000 0.148000 0.994000 0.542000 0.694000 0.123000 0.757000 0.500000 0.755000 0.696000 0.380000 0.665000 0.376000 0.032000 0.701000 0.630000 0.991000 0.336000 0.603000 0.774000 0.596000 0.653000 0.755000 0.918000 0.691000 0.342000 0.749000 0.141000 0.716000 0.117000 0.382000 0.279000 0.040000 0.561000 0.426000 0.326000 0.151000 0.482000 0.168000 0.436000 0.923000 0.144000 0.367000 0.844000 0.249000 0.309000 0.160000 0.646000 0.790000 0 45 84 0 33 75 7 11 51 42 62 26 88 7 26 48 8 73 47 83 61 92 7 30 46 84 7 5 1 26 59 7 9 41 27 58 26 68 48 10 88 55 34 64 86 58 213 26 output 17 13 44 2 | 3 6 5 | 7 36 25 4 9 23 12 29 | 28 34 30 42 35 31 | 27 32 8 33 46 26 24 14 | 22 39 18 | 21 43 37 10 16 | 15 38 45 40 | 41 11 19 | 20
0.476000 0.827000 0.643000 0.049000 0.598000 0.940000 0.873000 0.240000 0.860000 0.163000 0.646000 0.960000 0.928000 0.502000 0.600000 0.393000 0.325000 0.701000 0.153000 0.488000 0.751000 0.521000 0.700000 0.266000 0.870000 0.715000 0.707000 0.275000 0.711000 0.931000 0.649000 0.830000 0.593000 0.237000 0.614000 0.458000 0.775000 0.296000 0.004000 0.929000 0.898000 0.032000 0.373000 0.887000 0.735000 0.279000 0.302000 0.876000 0.270000 0.512000 0.167000 0.946000 0.269000 0.962000 0.459000 0.765000 0.217000 0.655000 0.601000 0.428000 0.544000 0.850000 0.415000 0.635000 0.343000 0.640000 0.556000 0.564000 0.910000 0.810000 0.025000 0.752000 0.385000 0.348000 0.635000 0.610000 0.755000 0.088000 0.979000 0.628000 0.130000 0.045000 0.927000 0.133000 0.236000 0.291000 0.360000 0.570000 0.928000 0.489000 0.457000 0.991000 0 22 94 81 5 36 3 42 24 85 86 82 34 49 38 64 69 30 35 36 34 4 58 45 51 54 9 91 22 90 90 89 6 25 72 64 94 26 81 95 77 79 5 49 75 50 262 31 output 16 13 35 15 6 | 33 43 41 2 39 17 | 32 25 10 29 | 40 7 45 11 | 31 3 46 | 34 30 37 44 | 38 4 42 21 5 19 | 28 | 22 24 27 26 20 36 9 | 18 23 14 12 8
0.457000 0.173000 0.134000 0.298000 0.008000 0.379000 0.654000 0.951000 0.478000 0.343000 0.229000 0.330000 0.173000 0.432000 0.067000 0.790000 0.399000 0.809000 0.377000 0.797000 0.156000 0.378000 0.319000 0.129000 0.508000 0.635000 0.738000 0.005000 0.111000 0.512000 0.568000 0.693000 0.005000 0.215000 0.689000 0.700000 0.700000 0.397000 0.062000 0.489000 0.118000 0.151000 0.653000 0.960000 0.501000 0.727000 0.770000 0.152000 0.621000 0.430000 0.536000 0.933000 0.874000 0.999000 0.268000 0.857000 0.879000 0.214000 0.798000 0.921000 0.806000 0.390000 0.848000 0.679000 0.054000 0.614000 0.060000 0.627000 0.552000 0.483000 0.018000 0.630000 0.240000 0.110000 0.606000 0.955000 0.244000 0.683000 0.093000 0.091000 0.190000 0.185000 0.180000 0.709000 0.010000 0.243000 0.273000 0.977000 0.841000 0.620000 0.608000 0.648000 0 13 66 61 84 14 45 92 45 5 24 78 49 63 38 64 55 57 39 56 58 97 97 35 72 69 8 76 4 49 58 36 48 77 19 38 40 51 44 44 78 73 16 4 22 31 244 28 output 42 8 36 15 | 46 4 22 38 | 14 24 29 31 19 | 21 17 43 3 11 6 | 25 45 32 27 30 18 | 39 28 44 26 9 10 | 13 23 16 35 | 2 20 33 34 7 | 41 40 37 12 | 5
0.745000 0.422000 0.509000 0.936000 0.641000 0.347000 0.458000 0.580000 0.835000 0.495000 0.315000 0.261000 0.379000 0.699000 0.873000 0.669000 0.099000 0.950000 0.821000 0.843000 0.211000 0.864000 0.951000 0.141000 0.806000 0.701000 0.918000 0.729000 0.309000 0.734000 0.451000 0.126000 0.889000 0.630000 0.433000 0.634000 0.178000 0.849000 0.097000 0.621000 0.708000 0.004000 0.276000 0.147000 0.829000 0.821000 0.798000 0.981000 0.033000 0.066000 0.226000 0.612000 0.242000 0.021000 0.692000 0.840000 0.911000 0.663000 0.901000 0.244000 0.441000 0.159000 0.254000 0.730000 0.607000 0.579000 0.202000 0.139000 0.041000 0.360000 0.517000 0.438000 0.086000 0.216000 0.752000 0.262000 0.050000 0.925000 0.354000 0.816000 0.740000 0.706000 0.138000 0.804000 0.050000 0.867000 0.800000 0.169000 0.064000 0.744000 0.304000 0.261000 0 45 30 5 8 14 51 81 8 8 54 5 70 78 31 67 25 41 77 54 83 26 87 18 62 91 10 19 19 20 83 94 90 10 51 40 37 31 62 75 88 51 49 82 48 5 232 34 output 36 26 32 4 | 3 31 16 | 28 24 10 23 13 | 9 39 43 45 20 | 6 46 22 34 27 25 37 35 | 30 12 21 44 38 | 15 42 19 11 | 2 40 7 18 | 8 14 29 17 5 | 41 33
0.824000 0.741000 0.184000 0.764000 0.892000 0.141000 0.208000 0.792000 0.063000 0.735000 0.035000 0.896000 0.109000 0.550000 0.116000 0.974000 0.413000 0.787000 0.156000 0.686000 0.410000 0.661000 0.138000 0.434000 0.427000 0.152000 0.249000 0.835000 0.222000 0.104000 0.291000 0.957000 0.296000 0.417000 0.805000 0.948000 0.296000 0.938000 0.539000 0.306000 0.490000 0.205000 0.603000 0.092000 0.244000 0.476000 0.284000 0.152000 0.318000 0.938000 0.848000 0.265000 0.775000 0.639000 0.907000 0.936000 0.334000 0.449000 0.759000 0.705000 0.227000 0.212000 0.623000 0.106000 0.567000 0.235000 0.427000 0.977000 0.464000 0.067000 0.725000 0.321000 0.425000 0.714000 0.057000 0.666000 0.931000 0.466000 0.167000 0.595000 0.154000 0.951000 0.419000 0.636000 0.366000 0.417000 0.588000 0.932000 0.301000 0.080000 0.437000 0.075000 0 80 51 44 12 87 42 10 46 58 94 47 75 96 19 81 55 52 11 53 20 33 37 97 76 63 6 21 25 98 98 60 14 79 97 5 45 25 31 23 86 24 80 70 25 54 257 29 output 39 26 3 32 22 36 | 40 38 7 12 23 17 29 | 31 24 15 45 33 | 34 16 19 25 | 41 8 6 5 10 | 20 43 42 11 | 37 9 44 18 28 | 2 4 14 | 21 13 46 35 27 | 30
0.813000 0.175000 0.058000 0.981000 0.052000 0.157000 0.640000 0.240000 0.877000 0.643000 0.434000 0.462000 0.259000 0.415000 0.798000 0.655000 0.907000 0.318000 0.355000 0.113000 0.008000 0.342000 0.534000 0.099000 0.490000 0.288000 0.082000 0.618000 0.695000 0.250000 0.414000 0.886000 0.838000 0.491000 0.743000 0.121000 0.480000 0.688000 0.378000 0.361000 0.057000 0.011000 0.406000 0.692000 0.368000 0.815000 0.172000 0.511000 0.087000 0.566000 0.632000 0.650000 0.773000 0.617000 0.048000 0.773000 0.900000 0.184000 0.615000 0.870000 0.584000 0.424000 0.133000 0.998000 0.961000 0.368000 0.988000 0.173000 0.729000 0.412000 0.765000 0.801000 0.965000 0.622000 0.717000 0.621000 0.791000 0.762000 0.246000 0.432000 0.525000 0.490000 0.903000 0.777000 0.911000 0.361000 0.490000 0.822000 0.550000 0.657000 0.741000 0.486000 0 36 88 51 32 68 67 64 40 56 58 80 30 72 97 10 71 69 91 92 27 31 31 86 40 20 52 58 61 16 80 95 33 80 43 59 4 1 87 60 81 18 27 43 47 24 264 25 output 22 23 16 32 2 28 | 37 5 42 36 39 8 | 9 43 33 17 27 46 | 34 29 | 12 10 20 13 | 21 3 11 7 | 35 26 45 19 44 30 38 | 6 41 31 | 40 24 25 14 | 18 4 15
0.931000 0.667000 0.375000 0.469000 0.545000 0.552000 0.522000 0.810000 0.056000 0.972000 0.523000 0.804000 0.083000 0.755000 0.688000 0.762000 0.701000 0.956000 0.587000 0.023000 0.646000 0.964000 0.877000 0.857000 0.587000 0.251000 0.399000 0.701000 0.472000 0.487000 0.179000 0.151000 0.198000 0.144000 0.377000 0.138000 0.248000 0.008000 0.947000 0.265000 0.886000 0.608000 0.721000 0.618000 0.730000 0.906000 0.468000 0.638000 0.772000 0.327000 0.131000 0.773000 0.315000 0.473000 0.361000 0.055000 0.723000 0.315000 0.940000 0.997000 0.715000 0.625000 0.100000 0.168000 0.196000 0.467000 0.797000 0.068000 0.501000 0.381000 0.554000 0.621000 0.868000 0.404000 0.518000 0.722000 0.552000 0.625000 0.233000 0.394000 0.230000 0.589000 0.614000 0.243000 0.229000 0.773000 0.045000 0.375000 0.685000 0.060000 0.630000 0.378000 0 45 72 63 32 76 14 99 48 81 50 11 45 61 29 18 3 76 3 5 61 12 82 43 45 8 95 3 8 9 26 64 48 86 37 78 42 35 2 77 93 74 31 87 93 54 236 29 output 10 18 40 | 31 6 4 11 30 12 | 35 27 15 3 | 28 19 17 16 32 44 33 | 23 9 8 | 20 34 45 37 | 2 41 26 7 5 43 | 46 13 42 29 25 | 21 | 38 14 24 39 36 22
0.570000 0.093000 0.988000 0.385000 0.920000 0.244000 0.057000 0.618000 0.345000 0.194000 0.967000 0.367000 0.180000 0.278000 0.914000 0.134000 0.336000 0.909000 0.119000 0.468000 0.960000 0.967000 0.372000 0.059000 0.095000 0.293000 1.000000 0.032000 0.848000 0.673000 0.667000 0.143000 0.003000 0.518000 0.939000 0.882000 0.801000 0.930000 0.565000 0.285000 0.146000 0.146000 0.276000 0.066000 0.818000 0.027000 0.081000 0.731000 0.962000 0.322000 0.978000 0.252000 0.884000 0.606000 0.290000 0.334000 0.473000 0.501000 0.069000 0.951000 0.056000 0.301000 0.308000 0.084000 0.614000 0.239000 0.351000 0.283000 0.728000 0.575000 0.120000 0.605000 0.413000 0.023000 0.711000 0.628000 0.323000 0.779000 0.854000 0.514000 0.578000 0.570000 0.469000 0.459000 0.212000 0.313000 0.775000 0.105000 0.327000 0.790000 0.213000 0.263000 0 35 69 32 25 15 41 40 13 96 87 26 98 7 39 1 63 0 29 85 33 73 45 24 92 77 24 77 86 20 49 5 73 20 61 61 36 46 25 21 20 3 3 22 62 42 212 33 output 42 39 45 9 30 24 36 | 23 14 26 8 44 | 5 46 7 43 28 | 37 22 12 | 20 33 | 32 21 31 13 | 4 17 10 34 | 6 2 25 3 16 | 38 19 11 18 15 | 29 41 35 27 40
0.255000 0.834000 0.720000 0.173000 0.036000 0.191000 0.484000 0.676000 0.051000 0.062000 0.634000 0.195000 0.382000 0.421000 0.595000 0.322000 0.234000 0.411000 0.642000 0.499000 0.954000 0.490000 0.249000 0.566000 0.442000 0.288000 0.527000 0.394000 0.873000 0.380000 0.784000 0.840000 0.242000 0.267000 0.936000 0.018000 0.585000 0.880000 0.879000 0.477000 0.398000 0.265000 0.334000 0.779000 0.280000 0.464000 0.355000 0.505000 0.950000 0.486000 0.574000 0.194000 0.792000 0.944000 0.231000 0.707000 0.559000 0.946000 0.527000 0.939000 0.491000 0.735000 0.477000 0.594000 0.956000 0.864000 0.359000 0.543000 0.932000 0.736000 0.197000 0.423000 0.201000 0.875000 0.222000 0.856000 0.980000 0.801000 0.310000 0.041000 0.327000 0.833000 0.536000 0.825000 0.101000 0.513000 0.748000 0.314000 0.597000 0.842000 0.301000 0.345000 0 64 33 49 90 73 32 13 29 35 33 40 81 65 73 23 39 34 49 1 10 40 16 32 13 45 23 28 70 42 90 26 20 71 48 39 64 79 97 77 93 24 33 14 0 36 221 29 output 34 4 31 | 12 46 17 9 36 43 | 24 7 21 13 14 | 20 11 25 15 18 44 10 | 27 33 39 35 16 45 | 38 37 | 30 29 19 42 | 23 40 5 3 | 41 22 28 | 32 8 2 6 26
0.347000 0.893000 0.428000 0.659000 0.120000 0.850000 0.857000 0.759000 0.416000 0.846000 0.333000 0.851000 0.861000 0.820000 0.967000 0.056000 0.489000 0.346000 0.240000 0.947000 0.157000 0.595000 0.197000 0.534000 0.997000 0.016000 0.256000 0.082000 0.826000 0.020000 0.218000 0.274000 0.778000 0.376000 0.330000 0.249000 0.063000 0.403000 0.276000 0.608000 0.197000 0.044000 0.582000 0.662000 0.457000 0.368000 0.053000 0.741000 0.451000 0.845000 0.405000 0.878000 0.066000 0.415000 0.643000 0.028000 0.576000 0.713000 0.268000 0.520000 0.857000 0.332000 0.126000 0.039000 0.903000 0.323000 0.049000 0.777000 0.992000 0.447000 0.128000 0.267000 0.581000 0.968000 0.737000 0.175000 0.591000 0.806000 0.357000 0.374000 0.011000 0.170000 0.241000 0.995000 0.207000 0.453000 0.501000 0.292000 0.610000 0.053000 0.490000 0.012000 0 50 55 45 77 74 37 65 50 42 44 12 32 42 83 75 24 91 12 45 24 0 90 19 54 20 17 33 42 1 53 97 13 8 10 33 52 43 72 22 18 29 33 49 46 58 211 22 output 6 5 25 | 38 28 45 46 40 | 3 34 24 11 43 20 | 22 31 33 35 4 7 37 | 18 16 36 12 | 23 44 9 | 30 14 21 32 41 19 27 | 10 42 | 15 13 8 17 | 26 39 29 2
0.829000 0.524000 0.312000 0.109000 0.756000 0.819000 0.036000 0.608000 0.326000 0.494000 0.317000 0.601000 0.695000 0.819000 0.921000 0.551000 0.327000 0.246000 0.072000 0.285000 0.648000 0.776000 0.131000 0.685000 0.377000 0.403000 0.725000 0.874000 0.773000 0.384000 0.353000 0.672000 0.114000 0.923000 0.457000 0.363000 0.337000 0.665000 0.678000 0.974000 0.777000 0.283000 0.820000 0.710000 0.439000 0.011000 0.788000 0.383000 0.794000 0.859000 0.260000 0.807000 0.511000 0.199000 0.536000 0.128000 0.914000 0.497000 0.353000 0.972000 0.196000 0.038000 0.177000 0.630000 0.443000 0.473000 0.055000 0.289000 0.157000 0.103000 0.836000 0.045000 0.932000 0.714000 0.686000 0.104000 0.513000 0.174000 0.978000 0.998000 0.833000 0.409000 0.664000 0.361000 0.017000 0.466000 0.299000 0.396000 0.132000 0.135000 0.444000 0.890000 0 95 26 3 88 40 59 99 6 19 15 91 70 61 47 79 95 57 52 40 27 74 26 94 92 21 84 77 59 37 31 14 54 14 17 69 4 69 34 18 83 77 48 10 22 12 246 35 output 21 36 38 42 | 46 30 17 26 16 | 39 2 31 35 45 34 10 9 | 15 24 41 | 11 7 14 20 40 37 | 8 29 | 19 6 5 33 | 3 25 22 | 28 23 27 18 | 13 44 43 4 12 32
0.841000 0.152000 0.011000 0.036000 0.578000 0.630000 0.827000 0.010000 0.289000 0.994000 0.025000 0.657000 0.085000 0.907000 0.886000 0.285000 0.135000 0.664000 0.220000 0.805000 0.788000 0.996000 0.652000 0.826000 0.803000 0.782000 0.797000 0.558000 0.485000 0.307000 0.981000 0.367000 0.933000 0.698000 0.911000 0.417000 0.790000 0.153000 0.941000 0.388000 0.286000 0.166000 0.430000 0.420000 0.940000 0.209000 0.458000 0.198000 0.032000 0.655000 0.565000 0.940000 0.726000 0.388000 0.818000 0.261000 0.560000 0.800000 0.427000 0.514000 0.802000 0.336000 0.609000 0.560000 0.824000 0.338000 0.028000 0.302000 0.821000 0.271000 0.861000 0.300000 0 85 24 5 11 80 21 24 73 59 38 42 98 53 31 10 28 61 91 47 39 59 64 38 83 25 3 55 76 12 95 24 23 11 19 15 218 14 output 4 24 21 2 34 15 | 12 11 26 29 3 27 | 28 35 31 | 32 10 9 22 | 30 25 6 7 5 | 36 17 13 14 33 | 8 18 20 16 23 | 19
0.357000 0.591000 0.929000 0.750000 0.849000 0.557000 0.976000 0.376000 0.242000 0.278000 0.660000 0.694000 0.853000 0.615000 0.165000 0.814000 0.347000 0.652000 0.250000 0.770000 0.160000 0.025000 0.233000 0.180000 0.773000 0.416000 0.987000 0.898000 0.671000 0.072000 0.095000 0.170000 0.375000 0.134000 0.697000 0.141000 0.717000 0.259000 0.489000 0.870000 0.249000 0.596000 0.158000 0.661000 0.627000 0.230000 0.679000 0.962000 0.189000 0.524000 0.750000 0.299000 0.057000 0.383000 0.913000 0.295000 0.466000 0.800000 0.504000 0.703000 0.996000 0.091000 0.637000 0.964000 0.914000 0.643000 0.434000 0.944000 0.802000 0.364000 0.661000 0.671000 0 83 98 84 47 64 69 73 69 53 97 39 95 59 99 17 14 40 36 69 83 77 18 82 38 18 35 86 88 51 92 86 61 75 48 58 315 20 output 19 26 31 15 18 23 | 21 22 8 10 | 29 20 34 9 | 36 7 33 3 | 32 24 14 2 | 25 27 16 11 17 12 5 | 30 6 | 13 4 28 35
0.378000 0.784000 0.071000 0.239000 0.354000 0.786000 0.633000 0.171000 0.382000 0.643000 0.813000 0.439000 0.747000 0.951000 0.261000 0.622000 0.787000 0.175000 0.599000 0.150000 0.177000 0.858000 0.587000 0.583000 0.960000 0.052000 0.020000 0.838000 0.434000 0.069000 0.215000 0.592000 0.222000 0.978000 0.138000 0.677000 0.562000 0.997000 0.981000 0.268000 0.076000 0.704000 0.909000 0.823000 0.963000 0.100000 0.836000 0.553000 0.054000 0.342000 0.010000 0.417000 0.373000 0.296000 0.373000 0.592000 0.705000 0.226000 0.103000 0.758000 0.396000 0.026000 0.429000 0.400000 0.689000 0.322000 0.728000 0.468000 0.777000 0.938000 0.944000 0.655000 0 14 70 2 53 29 43 31 96 8 45 87 47 90 29 58 82 27 29 72 7 71 80 48 2 87 27 52 21 34 63 2 77 24 14 90 231 21 output 30 21 18 16 8 28 | 19 7 35 12 5 | 3 | 22 36 24 | 6 20 23 13 | 17 14 11 | 32 27 15 31 2 25 26 | 34 33 29 9 4 10
0.585000 0.818000 0.223000 0.765000 0.020000 0.056000 0.621000 0.667000 0.359000 0.219000 0.619000 0.721000 0.876000 0.989000 0.928000 0.054000 0.504000 0.857000 0.683000 0.037000 0.671000 0.612000 0.206000 0.987000 0.821000 0.048000 0.187000 0.448000 0.122000 0.052000 0.122000 0.202000 0.737000 0.813000 0.406000 0.605000 0.345000 0.827000 0.918000 0.148000 0.622000 0.978000 0.002000 0.975000 0.687000 0.044000 0.021000 0.442000 0.807000 0.376000 0.545000 0.460000 0.053000 0.291000 0.999000 0.003000 0.347000 0.886000 0.756000 0.013000 0.095000 0.378000 0.032000 0.042000 0.974000 0.011000 0.941000 0.342000 0.742000 0.953000 0.474000 0.133000 0 7 96 81 44 31 83 87 45 11 70 81 3 23 3 43 62 83 10 15 27 21 11 3 30 6 66 51 65 63 99 4 25 97 27 25 214 20 output 18 | 14 31 27 24 2 19 | 29 22 12 9 | 34 13 30 23 10 36 | 8 33 28 20 25 | 17 7 35 21 | 6 11 4 | 16 3 32 15 5 26
0.262000 0.367000 0.340000 0.589000 0.775000 0.759000 0.837000 0.295000 0.826000 0.343000 0.364000 0.343000 0.860000 0.810000 1.000000 0.828000 0.131000 0.784000 0.626000 0.013000 0.239000 0.871000 0.644000 0.226000 0.876000 0.081000 0.332000 0.124000 0.409000 0.139000 0.766000 0.492000 0.321000 0.467000 0.966000 0.375000 0.147000 0.603000 0.139000 0.889000 0.687000 0.862000 0.978000 0.038000 0.890000 0.996000 0.124000 0.546000 0.516000 0.219000 0.677000 0.400000 0.309000 0.652000 0.874000 0.921000 0.779000 0.007000 0.654000 0.804000 0.591000 0.854000 0.096000 0.058000 0.734000 0.367000 0.627000 0.497000 0.146000 0.671000 0.244000 0.401000 0 62 6 7 84 96 65 18 26 86 70 27 45 92 5 93 93 77 76 92 60 27 95 7 62 71 96 36 44 79 72 9 82 25 2 79 281 22 output 17 2 27 | 32 14 15 25 6 | 11 20 9 35 19 24 | 21 28 23 8 7 3 | 31 30 16 34 | 12 4 5 33 26 | 10 29 13 22 18 | 36
0.373000 0.828000 0.282000 0.380000 0.694000 0.532000 0.010000 0.078000 0.143000 0.703000 0.817000 0.044000 0.851000 0.641000 0.328000 0.424000 0.455000 0.874000 0.068000 0.694000 0.315000 0.131000 0.658000 0.745000 0.212000 0.220000 0.923000 0.020000 0.537000 0.067000 0.336000 0.845000 0.731000 0.644000 0.090000 0.710000 0.736000 0.064000 0.416000 0.879000 0.243000 0.606000 0.896000 0.704000 0.450000 0.234000 0.499000 0.913000 0.001000 0.599000 0.861000 0.288000 0.124000 0.450000 0.676000 0.515000 0.931000 0.259000 0.258000 0.559000 0.758000 0.815000 0.779000 0.236000 0.003000 0.542000 0.605000 0.375000 0.759000 0.237000 0.892000 0.526000 0 22 86 20 67 89 95 54 46 74 96 43 27 64 27 49 69 4 96 44 28 85 17 15 65 34 67 33 74 73 90 83 84 24 85 26 280 21 output 14 6 19 34 | 5 27 30 21 | 24 12 17 36 3 28 | 33 25 10 18 16 | 26 29 32 35 | 20 9 | 7 22 31 | 23 15 11 4 13 2 8
0.338000 0.275000 0.937000 0.346000 0.300000 0.062000 0.499000 0.593000 0.576000 0.552000 0.857000 0.207000 0.262000 0.856000 0.258000 0.058000 0.935000 0.928000 0.123000 0.850000 0.142000 0.972000 0.197000 0.701000 0.912000 0.492000 0.657000 0.852000 0.969000 0.350000 0.048000 0.100000 0.150000 0.609000 0.123000 0.157000 0.600000 0.932000 0.343000 0.833000 0.935000 0.713000 0.305000 0.308000 0.396000 0.656000 0.499000 0.138000 0.409000 0.714000 0.992000 0.827000 0.865000 0.708000 0.209000 0.899000 0.144000 0.587000 0.563000 0.085000 0.587000 0.459000 0.690000 0.237000 0.932000 0.293000 0.619000 0.354000 0.840000 0.364000 0.677000 0.247000 0 72 5 62 22 64 41 77 58 22 93 42 80 77 61 34 24 95 61 42 48 8 83 73 46 40 83 49 8 90 64 68 5 46 78 42 267 24 output 27 21 26 9 5 | 4 19 14 31 | 36 32 6 35 | 23 25 12 17 29 22 | 34 13 15 2 33 | 3 8 16 18 | 20 7 28 11 10 | 30 24
0.072000 0.131000 0.593000 0.932000 0.173000 0.434000 0.249000 0.558000 0.160000 0.796000 0.101000 0.634000 0.435000 0.703000 0.400000 0.973000 0.720000 0.574000 0.770000 0.474000 0.326000 0.102000 0.045000 0.060000 0.141000 0.491000 0.526000 0.814000 0.374000 0.675000 0.663000 0.088000 0.755000 0.584000 0.567000 0.406000 0.350000 0.168000 0.128000 0.945000 0.174000 0.222000 0.936000 0.617000 0.101000 0.544000 0.202000 0.348000 0.607000 0.498000 0.043000 0.053000 0.121000 0.353000 0.410000 0.433000 0.183000 0.777000 0.011000 0.017000 0.693000 0.928000 0.818000 0.646000 0.957000 0.066000 0.931000 0.749000 0.244000 0.503000 0.415000 0.997000 0 85 11 99 25 89 64 77 63 47 30 84 96 19 20 95 54 88 65 87 83 25 78 65 35 68 84 41 79 40 32 47 64 11 27 5 284 15 output 35 4 15 18 28 | 21 24 | 25 9 17 32 34 22 10 | 11 16 33 19 | 29 5 20 6 | 23 13 3 27 | 30 26 12 | 8 36 2 31 14 7
0.524000 0.941000 0.808000 0.812000 0.622000 0.875000 0.860000 0.913000 0.000000 0.116000 0.017000 0.754000 0.968000 0.211000 0.886000 0.366000 0.578000 0.504000 0.897000 0.951000 0.435000 0.109000 0.974000 0.238000 0.745000 0.173000 0.242000 0.217000 0.711000 0.762000 0.502000 0.651000 0.838000 0.918000 0.554000 0.341000 0.453000 0.392000 0.689000 0.193000 0.332000 0.951000 0.606000 0.544000 0.421000 0.013000 0.409000 0.455000 0.500000 0.497000 0.369000 0.644000 0.143000 0.599000 0.831000 0.788000 0.684000 0.280000 0.595000 0.077000 0.374000 0.749000 0.103000 0.590000 0.157000 0.534000 0.508000 0.843000 0.928000 0.528000 0.354000 0.430000 0 78 72 66 29 22 85 70 67 55 90 74 42 46 40 88 56 72 25 40 71 82 96 66 41 51 62 94 74 74 92 63 45 37 86 19 310 17 output 19 11 23 5 14 36 | 34 22 35 28 | 8 12 7 9 | 15 2 4 10 17 | 16 26 31 21 | 25 24 33 27 32 6 | 3 | 18 30 13 20 29
0.612000 0.253000 0.050000 0.051000 0.675000 0.370000 0.704000 0.078000 0.638000 0.397000 0.894000 0.803000 0.309000 0.441000 0.889000 0.876000 0.069000 0.305000 0.854000 0.065000 0.888000 0.420000 0.992000 0.658000 0.484000 0.960000 0.541000 0.669000 0.358000 0.301000 0.329000 0.992000 0.973000 0.071000 0.358000 0.631000 0.942000 0.427000 0.444000 0.097000 0.234000 0.097000 0.926000 0.474000 0.843000 0.360000 0.667000 0.914000 0.246000 0.887000 0.460000 0.672000 0.737000 0.857000 0.419000 0.680000 0.636000 0.980000 0.404000 0.927000 0.776000 0.308000 0.582000 0.955000 0.141000 0.470000 0.161000 0.950000 0.624000 0.989000 0.195000 0.259000 0 51 23 86 2 11 52 40 80 33 7 66 55 17 15 83 91 77 58 23 81 95 27 34 86 10 16 70 32 21 22 53 99 78 69 12 240 23 output 18 25 28 | 9 33 7 | 3 8 6 12 22 | 14 26 32 35 29 24 27 5 | 10 17 19 11 23 31 | 4 | 20 21 2 36 15 | 34 16 30 13
0.823000 0.218000 0.839000 0.324000 0.515000 0.643000 0.100000 0.955000 0.029000 0.681000 0.161000 0.784000 0.345000 0.792000 0.523000 0.543000 0.751000 0.698000 0.541000 0.725000 0.368000 0.094000 0.162000 0.091000 0.917000 0.295000 0.856000 0.908000 0.437000 0.820000 0.671000 0.711000 0.630000 0.418000 0.069000 0.194000 0.290000 0.299000 0.880000 0.919000 0.349000 0.377000 0.085000 0.561000 0.890000 0.942000 0.211000 0.540000 0.944000 0.806000 0.695000 0.208000 0.601000 0.143000 0.377000 0.602000 0.530000 0.984000 0.791000 0.970000 0.631000 0.371000 0.016000 0.969000 0.342000 0.958000 0.412000 0.403000 0.118000 0.924000 0.923000 0.193000 0 47 34 95 80 87 97 42 69 53 0 39 61 88 69 87 22 96 42 18 73 88 41 19 69 15 28 95 89 89 67 59 34 14 32 85 289 27 output 36 | 28 7 10 3 | 27 11 12 18 19 21 | 6 5 22 24 34 | 15 33 4 32 35 | 30 29 16 | 26 31 17 8 2 13 | 25 23 20 14 9
0.527000 0.095000 0.389000 0.646000 0.548000 0.767000 0.787000 0.471000 0.647000 0.595000 0.598000 0.646000 0.719000 0.869000 0.098000 0.385000 0.353000 0.730000 0.699000 0.382000 0.571000 0.864000 0.284000 0.480000 0.855000 0.007000 0.065000 0.085000 0.005000 0.643000 0.279000 1.000000 0.946000 0.658000 0.601000 0.583000 0.990000 0.219000 0.811000 0.073000 0.605000 0.347000 0.993000 0.360000 0.502000 0.204000 0.946000 0.821000 0.782000 0.468000 0.306000 0.240000 0.016000 0.945000 0.150000 0.249000 0.954000 0.173000 0.304000 0.040000 0.358000 0.308000 0.459000 0.305000 0.312000 0.728000 0.887000 0.597000 0.506000 0.970000 0.604000 0.552000 0 99 6 24 90 17 7 81 61 77 70 29 10 64 22 62 14 21 63 33 16 20 21 96 46 75 0 54 15 75 95 18 1 34 23 36 211 17 output 23 3 11 35 16 27 15 | 14 28 8 | 30 | 12 33 9 2 32 | 34 17 24 7 6 18 21 | 36 5 10 | 25 4 22 19 29 13 20 | 26 31
0.215000 0.361000 0.747000 0.724000 0.583000 0.242000 0.223000 0.611000 0.731000 0.606000 0.652000 0.518000 0.714000 0.959000 0.227000 0.430000 0.936000 0.376000 0.948000 0.812000 0.214000 0.877000 0.596000 0.334000 0.629000 0.372000 0.815000 0.780000 0.728000 0.623000 0.665000 0.836000 0.716000 0.858000 0.337000 0.456000 0.221000 0.500000 0.217000 0.146000 0.268000 0.532000 0.772000 0.178000 0.714000 0.950000 0.820000 0.151000 0.730000 0.841000 0.887000 1.000000 0.097000 0.487000 0.445000 0.285000 0.236000 0.305000 0.298000 0.036000 0.565000 0.548000 0.833000 0.019000 0.069000 0.196000 0.375000 0.266000 0.693000 0.973000 0.820000 0.019000 0 70 44 9 2 2 62 66 13 19 46 58 6 7 99 30 92 94 85 87 7 0 99 76 13 19 49 14 77 6 26 69 48 84 60 10 222 27 output 12 3 28 34 | 29 20 33 | 14 10 26 7 35 11 4 | 18 | 13 9 22 24 32 36 30 | 31 6 5 15 2 25 21 | 16 17 23 | 8 19 27
0.061000 0.489000 0.259000 0.326000 0.998000 0.414000 0.709000 0.302000 0.956000 0.307000 0.342000 0.823000 0.390000 0.088000 0.300000 0.416000 0.541000 0.048000 0.199000 0.510000 0.362000 0.258000 0.413000 0.829000 0.205000 0.662000 0.101000 0.300000 0.260000 0.570000 0.428000 0.561000 0.096000 0.100000 0.430000 0.483000 0.189000 0.520000 0.890000 0.273000 0.274000 0.175000 0.925000 0.433000 0.601000 0.216000 0.614000 0.593000 0.087000 0.240000 0.315000 0.787000 0.725000 0.365000 0.366000 0.352000 0.139000 0.935000 0.649000 0.129000 0.641000 0.376000 0.295000 0.557000 0.945000 0.926000 0.749000 0.587000 0.959000 0.881000 0.283000 0.939000 0 2 83 15 18 89 48 4 35 62 90 11 63 53 26 70 27 46 7 2 85 57 13 15 63 23 84 4 14 48 14 69 27 94 23 7 199 23 output 22 3 5 20 23 28 8 | 2 11 7 14 | 18 16 32 19 | 9 30 4 27 31 | 29 36 6 26 13 | 21 17 25 | 12 33 35 34 24 15 | 10
0.051000 0.612000 0.963000 0.541000 0.772000 0.130000 0.860000 0.663000 0.317000 0.943000 0.916000 0.738000 0.534000 0.670000 0.268000 0.410000 0.929000 0.499000 0.376000 0.677000 0.201000 0.541000 0.032000 0.152000 0.605000 0.562000 0.325000 0.116000 0.110000 0.435000 0.107000 0.241000 0.685000 0.287000 0.200000 0.004000 0.585000 0.262000 0.810000 0.481000 0.812000 0.540000 0.168000 0.463000 0.878000 0.572000 0.509000 0.937000 0.214000 0.765000 0.494000 0.161000 0.969000 0.859000 0.207000 0.360000 0.049000 0.923000 1.000000 0.784000 0.820000 0.781000 0.474000 0.791000 0.531000 0.704000 0.679000 0.200000 0.465000 0.262000 0.772000 0.735000 0 64 87 77 68 8 87 68 22 93 38 99 93 43 52 82 50 59 80 32 25 5 15 68 62 87 77 64 65 46 62 38 75 95 71 76 305 15 output 4 23 2 9 20 13 | 8 19 26 28 | 11 7 33 10 | 16 12 18 14 22 | 21 6 30 27 31 36 | 25 32 24 5 29 | 35 34 3 17 | 15
0.842000 0.392000 0.647000 0.840000 0.993000 0.612000 0.639000 0.129000 0.242000 0.947000 0.518000 0.073000 0.504000 0.838000 0.028000 0.850000 0.883000 0.137000 0.118000 0.286000 0.192000 0.512000 0.492000 0.613000 0.311000 0.869000 0.319000 0.584000 0.026000 0.930000 0.887000 0.654000 0.746000 0.738000 0.392000 0.044000 0.545000 0.611000 0.688000 0.662000 0.326000 0.475000 0.670000 0.232000 0.952000 0.148000 0.653000 0.972000 0.509000 0.285000 0.783000 0.749000 0.839000 0.340000 0.997000 0.989000 0.571000 0.813000 0.150000 0.083000 0.195000 0.141000 0.428000 0.182000 0.797000 0.376000 0.331000 0.559000 0.096000 0.444000 0.303000 0.220000 0 81 61 74 74 9 19 17 2 84 28 88 26 81 44 20 12 16 57 3 48 52 38 94 37 13 58 42 76 12 25 51 68 20 40 71 221 17 output 10 35 11 21 | 16 26 2 7 29 20 | 12 14 34 | 17 24 28 3 | 33 27 | 25 32 36 31 30 18 6 | 19 13 5 15 8 | 23 9 4 22
0.956000 0.052000 0.880000 0.597000 0.696000 0.757000 0.044000 0.288000 0.245000 0.206000 0.694000 0.662000 0.279000 0.597000 0.255000 0.711000 0.199000 0.232000 0.949000 0.660000 0.148000 0.994000 0.265000 0.370000 0.037000 0.204000 0.986000 0.760000 0.888000 0.104000 0.288000 0.731000 0.906000 0.275000 0.181000 0.851000 0.902000 0.350000 0.466000 0.928000 0.112000 0.116000 0.416000 0.076000 0.166000 0.491000 0.720000 0.890000 0.345000 0.090000 0.330000 0.889000 0.266000 0.875000 0.705000 0.693000 0.301000 0.973000 0.623000 0.993000 0.428000 0.449000 0.064000 0.217000 0.556000 0.791000 0.451000 0.977000 0.409000 0.135000 0.624000 0.971000 0.982000 0.762000 0.687000 0.174000 0 73 78 62 37 70 57 5 66 40 92 32 88 56 45 73 26 44 15 20 13 76 67 62 23 97 6 87 67 9 91 50 29 2 71 73 54 18 254 16 output 6 28 | 19 2 37 14 10 | 31 23 4 12 | 5 9 32 13 21 | 17 24 30 36 3 | 22 25 35 38 15 | 26 27 16 8 7 | 18 11 29 34 20 33
0.918000 0.320000 0.814000 0.389000 0.937000 0.347000 0.216000 0.426000 0.999000 0.470000 0.351000 0.006000 0.864000 0.720000 0.334000 0.122000 0.649000 0.491000 0.837000 0.447000 0.929000 0.491000 0.078000 0.283000 0.497000 0.984000 0.592000 0.654000 0.731000 0.529000 0.309000 0.662000 0.872000 0.587000 0.843000 0.652000 0.507000 0.799000 0.942000 0.215000 0.713000 0.703000 0.263000 0.846000 0.563000 0.571000 0.321000 0.198000 0.012000 0.075000 0.696000 0.551000 0.970000 0.354000 0.065000 0.458000 0.487000 0.820000 0.007000 0.738000 0.137000 0.819000 0.762000 0.222000 0.756000 0.685000 0.177000 0.924000 0.267000 0.076000 0.277000 0.987000 0.693000 0.274000 0.399000 0.996000 0 50 33 91 73 33 31 16 71 26 14 42 27 87 2 6 11 37 53 36 73 34 83 95 10 52 41 71 13 26 57 28 79 94 34 70 15 82 230 17 output 16 30 31 34 22 | 7 13 38 36 29 | 37 24 35 6 32 | 2 9 26 10 | 11 17 18 33 21 | 23 19 14 15 | 20 27 5 3 | 4 28 12 25 8
0.106000 0.909000 0.661000 0.470000 0.038000 0.767000 0.340000 0.477000 0.544000 0.539000 0.186000 0.115000 0.801000 0.473000 0.047000 0.266000 0.942000 0.348000 0.277000 0.463000 0.782000 0.851000 0.754000 0.072000 0.011000 0.716000 0.942000 0.803000 0.644000 0.875000 0.479000 0.612000 0.025000 0.516000 0.655000 0.632000 0.665000 0.303000 0.935000 0.027000 0.807000 0.469000 0.723000 0.267000 0.835000 0.554000 0.542000 0.021000 0.661000 0.130000 0.307000 0.016000 0.367000 0.325000 0.227000 0.474000 0.016000 0.592000 0.417000 0.303000 0.940000 0.579000 0.801000 0.700000 0.737000 0.674000 0.836000 0.597000 0.424000 0.509000 0.600000 0.824000 0.015000 0.620000 0.888000 0.926000 0 33 47 67 3 36 31 87 34 11 93 36 69 39 4 83 23 19 8 39 93 15 8 8 5 47 75 84 3 96 88 15 26 25 21 10 71 62 205 23 output 5 2 9 21 7 | 15 11 14 38 | 19 22 20 12 25 24 26 6 | 29 17 8 28 | 30 27 10 | 37 13 3 | 18 33 34 23 31 32 36 | 4 35 16
0.790000 0.099000 0.287000 0.421000 0.344000 0.355000 0.178000 0.217000 0.182000 0.587000 0.237000 0.820000 0.493000 0.273000 0.299000 0.082000 0.273000 0.314000 0.336000 0.724000 0.602000 0.149000 0.149000 0.561000 0.743000 0.185000 0.813000 0.271000 0.203000 0.540000 0.778000 0.274000 0.873000 0.509000 0.322000 0.373000 0.661000 0.367000 0.741000 0.969000 0.521000 0.551000 0.968000 0.785000 0.612000 0.663000 0.715000 0.160000 0.950000 0.209000 0.750000 0.670000 0.461000 0.825000 0.998000 0.526000 0.316000 0.999000 0.265000 0.643000 0.215000 0.167000 0.812000 0.097000 0.138000 0.967000 0.913000 0.643000 0.992000 0.405000 0.590000 0.149000 0.790000 0.273000 0.202000 0.508000 0 56 4 67 41 54 76 59 16 93 75 18 81 60 24 63 34 75 68 62 29 80 74 61 46 34 97 52 61 81 19 10 77 89 10 3 46 73 266 26 output 30 5 38 2 | 32 13 24 | 36 3 18 9 4 31 8 | 34 22 20 26 | 37 19 7 11 | 23 27 10 | 21 29 33 6 12 15 | 16 14 17 28 35 25
0.404000 0.989000 0.265000 0.727000 0.308000 0.440000 0.668000 0.073000 0.484000 0.663000 0.122000 0.373000 0.707000 0.735000 0.919000 0.070000 0.301000 0.117000 0.179000 0.292000 0.757000 0.825000 0.067000 0.585000 0.412000 0.249000 0.100000 0.104000 0.215000 0.773000 0.610000 0.652000 0.991000 0.608000 0.336000 0.093000 0.176000 0.229000 0.884000 0.432000 0.611000 0.173000 0.975000 0.654000 0.063000 0.605000 0.755000 0.354000 0.102000 0.685000 0.467000 0.857000 0.945000 0.607000 0.116000 0.838000 0.943000 0.340000 0.584000 0.586000 0.783000 0.106000 0.313000 0.462000 0.640000 0.494000 0.271000 0.878000 0.594000 0.054000 0.220000 0.082000 0.887000 0.592000 0.279000 0.117000 0 37 82 89 82 47 45 9 92 28 97 26 65 52 19 73 44 4 83 68 49 81 77 62 44 31 62 63 12 15 75 78 35 77 44 20 35 5 258 24 output 20 29 8 31 24 30 | 15 6 10 3 32 | 28 25 23 12 2 | 13 35 4 21 | 33 37 27 17 22 | 34 5 | 26 16 7 11 | 19 14 36 38 9 18
0.598000 0.040000 0.634000 0.083000 0.633000 0.872000 0.787000 0.653000 0.965000 0.634000 0.092000 0.472000 0.785000 0.586000 0.105000 0.825000 0.167000 0.339000 0.773000 0.540000 0.811000 0.153000 0.955000 0.148000 0.999000 0.484000 0.655000 0.326000 0.554000 0.870000 0.459000 0.509000 0.823000 0.165000 0.358000 0.235000 0.384000 0.957000 0.262000 0.990000 0.355000 0.575000 0.025000 0.799000 0.618000 0.646000 0.117000 0.197000 0.017000 0.371000 0.795000 0.890000 0.695000 0.456000 0.522000 0.618000 0.011000 0.030000 0.802000 0.312000 0.487000 0.112000 0.065000 0.549000 0.400000 0.807000 0.641000 0.695000 0.012000 0.265000 0.039000 0.514000 0.165000 0.827000 0.008000 0.424000 0 62 88 94 72 86 25 91 70 90 92 9 27 24 32 80 84 19 53 53 53 81 59 49 99 39 46 81 5 26 95 48 55 32 74 75 90 62 300 28 output 37 8 22 | 14 28 16 31 | 27 4 7 10 30 | 9 6 36 32 18 | 23 3 26 5 13 12 | 29 35 25 38 24 | 21 33 20 19 15 34 | 17 11 2
0.754000 0.371000 0.955000 0.029000 0.014000 0.191000 0.334000 0.950000 0.325000 0.094000 0.940000 0.901000 0.473000 0.150000 0.726000 0.328000 0.635000 0.263000 0.223000 0.028000 0.520000 0.172000 0.006000 0.061000 0.902000 0.981000 0.718000 0.353000 0.139000 0.812000 0.717000 0.652000 0.642000 0.499000 0.762000 0.062000 0.001000 0.362000 0.482000 0.208000 0.501000 0.366000 0.664000 0.717000 0.130000 0.351000 0.212000 0.114000 0.770000 0.171000 0.792000 0.204000 0.107000 0.662000 0.546000 0.231000 0.341000 0.693000 0.913000 0.265000 0.512000 0.920000 0.891000 0.196000 0.056000 0.448000 0.508000 0.769000 0.104000 0.221000 0.571000 0.981000 0.819000 0.714000 0.705000 0.270000 0 67 95 66 41 66 78 87 54 73 84 73 27 15 28 54 83 65 22 92 61 30 96 51 42 3 81 94 48 62 91 50 89 30 25 12 71 62 293 25 output 5 10 12 3 | 24 35 19 33 23 | 30 32 2 18 25 26 | 21 28 9 38 | 8 17 16 | 22 34 4 15 27 29 | 31 36 13 6 37 | 14 20 7 11
0.543000 0.220000 0.194000 0.705000 0.749000 0.225000 0.562000 0.883000 0.922000 0.820000 0.679000 0.735000 0.328000 0.972000 0.839000 0.782000 0.367000 0.606000 0.512000 0.445000 0.669000 0.519000 0.808000 0.700000 0.979000 0.353000 0.400000 0.571000 0.481000 0.606000 0.985000 0.294000 0.289000 0.729000 0.915000 0.683000 0.625000 0.873000 0.851000 0.401000 0.170000 0.008000 0.316000 0.482000 0.172000 0.852000 0.700000 0.574000 0.518000 0.519000 0.944000 0.684000 0.576000 0.773000 0.061000 0.019000 0.077000 0.422000 0.756000 0.215000 0.379000 0.834000 0.941000 0.551000 0.581000 0.418000 0.124000 0.004000 0.708000 0.512000 0.904000 0.572000 0.767000 0.466000 0.266000 0.511000 0 13 11 17 49 6 86 54 2 64 56 97 25 26 15 82 41 10 88 7 44 87 53 60 36 66 51 19 89 52 93 50 1 78 42 52 6 71 230 20 output 37 36 12 6 27 15 | 33 19 4 31 9 14 | 29 28 34 21 | 8 5 18 26 32 | 10 11 24 35 | 25 17 7 23 2 | 22 38 | 20 13 16 30 3
0.440000 0.008000 0.394000 0.418000 0.312000 0.366000 0.993000 0.148000 0.540000 0.112000 0.794000 0.484000 0.764000 0.749000 0.011000 0.272000 0.790000 0.622000 0.827000 0.269000 0.480000 0.260000 0.740000 0.095000 0.902000 0.282000 0.632000 0.290000 0.897000 0.519000 0.141000 0.315000 0.879000 0.924000 0.128000 0.847000 0.315000 0.111000 0.012000 0.667000 0.126000 0.196000 0.244000 0.280000 0.511000 0.175000 0.312000 0.985000 0.913000 0.240000 0.364000 0.329000 0.878000 0.215000 0.567000 0.865000 0.628000 0.004000 0.005000 0.498000 0.248000 0.752000 0.905000 0.651000 0.959000 0.241000 0.907000 0.360000 0.126000 0.818000 0.394000 0.581000 0.136000 0.161000 0.257000 0.638000 0 63 55 82 72 38 99 99 4 36 17 19 96 89 36 66 79 62 68 94 63 70 74 62 85 11 40 74 9 84 8 34 27 9 98 75 10 53 279 24 output 16 8 21 37 | 14 6 34 13 10 | 9 7 17 32 15 | 38 31 18 24 28 11 | 27 25 33 4 12 29 | 19 23 5 | 35 20 30 | 26 2 36 3 22
0.976000 0.749000 0.386000 0.250000 0.376000 0.530000 0.151000 0.182000 0.442000 0.666000 0.082000 0.377000 0.574000 0.745000 0.439000 0.746000 0.141000 0.790000 0.305000 0.917000 0.205000 0.371000 0.959000 0.065000 0.423000 0.835000 0.156000 0.950000 0.121000 0.839000 0.395000 0.739000 0.897000 0.318000 0.102000 0.019000 0.967000 0.318000 0.493000 0.317000 0.159000 0.707000 0.244000 0.170000 0.137000 0.678000 0.081000 0.504000 0.919000 0.132000 0.295000 0.240000 0.815000 0.977000 0.752000 0.718000 0.576000 0.651000 0.787000 0.332000 0.893000 0.842000 0.124000 0.732000 0.319000 0.877000 0.286000 0.860000 0.610000 0.794000 0.674000 0.744000 0.012000 0.555000 0.620000 0.026000 0 81 23 59 44 65 14 93 60 58 5 14 76 90 44 64 52 36 35 22 29 38 6 72 24 74 51 69 53 33 95 35 24 27 95 58 42 24 242 22 output 16 34 14 10 | 27 31 | 5 21 23 32 9 15 33 | 29 8 13 7 | 35 36 28 | 26 4 18 22 30 | 19 17 25 12 38 2 | 3 24 37 6 11 20
0.325000 0.566000 0.735000 0.495000 0.951000 0.567000 0.471000 0.191000 0.656000 0.208000 0.033000 0.850000 0.525000 0.463000 0.762000 0.338000 0.797000 0.273000 0.130000 0.078000 0.135000 0.644000 0.635000 0.141000 0.708000 0.005000 0.918000 0.861000 0.215000 0.696000 0.551000 0.313000 0.045000 0.737000 0.433000 0.051000 0.085000 0.147000 0.401000 0.405000 0.937000 0.445000 0.310000 0.693000 0.536000 0.543000 0.061000 0.106000 0.420000 1.000000 0.902000 0.518000 0.459000 0.396000 0.551000 0.461000 0.621000 0.298000 0.983000 0.706000 0.560000 0.930000 0.015000 0.042000 0.957000 0.558000 0.664000 0.063000 0.919000 0.568000 0.298000 0.207000 0.286000 0.965000 0.743000 0.150000 0 13 13 25 77 81 55 49 0 7 76 42 86 32 24 20 12 22 17 25 46 7 26 88 15 99 13 83 86 0 68 64 95 35 81 13 9 41 209 26 output 3 33 26 | 22 15 6 17 11 | 29 5 12 | 23 2 21 9 8 16 27 20 | 38 13 34 18 4 | 37 25 31 14 30 35 | 7 28 | 19 24 32 10 36
0.090000 0.681000 0.506000 0.982000 0.886000 0.604000 0.261000 0.627000 0.139000 0.467000 0.203000 0.254000 0.673000 0.018000 0.393000 0.677000 0.662000 0.943000 0.483000 0.160000 0.070000 0.035000 0.875000 0.226000 0.843000 0.510000 0.709000 0.311000 0.008000 0.558000 0.558000 0.651000 0.075000 0.686000 0.163000 0.854000 0.318000 0.927000 0.781000 0.192000 0.455000 0.602000 0.204000 0.099000 0.267000 0.950000 0.750000 0.627000 0.752000 0.943000 0.085000 0.302000 0.707000 0.339000 0.073000 0.537000 0.949000 0.046000 0.665000 0.483000 0.216000 0.405000 0.351000 0.018000 0.053000 0.550000 0.254000 0.812000 0.842000 0.368000 0.103000 0.400000 0.705000 0.023000 0.317000 0.217000 0 18 55 90 27 40 42 9 4 2 79 32 93 55 3 52 88 39 55 87 5 20 90 5 57 82 33 79 84 52 14 6 6 42 82 98 81 79 242 16 output 18 23 19 34 | 31 6 38 32 22 11 15 | 35 13 3 24 | 4 8 16 25 9 2 | 10 7 37 29 12 | 5 36 26 33 | 21 30 27 14 20 | 17 28
0.910000 0.538000 0.988000 0.086000 0.042000 0.061000 0.008000 0.375000 0.914000 0.914000 0.792000 0.884000 0.473000 0.227000 0.743000 0.073000 0.356000 0.001000 0.031000 0.758000 0.691000 0.104000 0.251000 0.628000 0.839000 0.189000 0.698000 0.848000 0.947000 0.872000 0.322000 0.284000 0.680000 0.456000 0.810000 0.162000 0.049000 0.451000 0.244000 0.764000 0.907000 0.537000 0.420000 0.530000 0.651000 0.849000 0.910000 0.680000 0.179000 0.370000 0.368000 0.013000 0.619000 0.164000 0.630000 0.206000 0.673000 0.058000 0.519000 0.229000 0.393000 0.670000 0.839000 0.289000 0.823000 0.559000 0.942000 0.521000 0.104000 0.408000 0.767000 0.119000 0.927000 0.765000 0.036000 0.404000 0 29 89 67 94 36 21 81 61 51 17 68 23 36 69 28 68 81 8 0 69 10 75 69 38 32 89 52 67 15 49 5 3 31 62 97 46 7 236 16 output 13 18 36 2 | 34 17 21 | 16 3 9 26 7 | 24 6 14 23 | 33 31 12 22 30 27 | 25 35 4 38 19 10 20 | 28 11 29 8 32 | 37 15 5
0.907000 0.102000 0.678000 0.986000 0.086000 0.455000 0.818000 0.127000 0.619000 0.998000 0.686000 0.669000 0.193000 0.432000 0.701000 0.395000 0.124000 0.272000 0.055000 0.833000 0.563000 0.378000 0.656000 0.623000 0.363000 0.307000 0.407000 0.943000 0.733000 0.576000 0.493000 0.371000 0.353000 0.526000 0.597000 0.336000 0.996000 0.020000 0.379000 0.671000 0.506000 0.407000 0.414000 0.639000 0.646000 0.097000 0.612000 0.668000 0.464000 0.975000 0.123000 0.053000 0.387000 0.882000 0.845000 0.686000 0.703000 0.340000 0.686000 0.142000 0.888000 0.750000 0.339000 0.462000 0.064000 0.342000 0.142000 0.494000 0.465000 0.195000 0.640000 0.723000 0.540000 0.125000 0.529000 0.802000 0 44 50 74 47 94 49 98 13 99 21 53 66 93 5 2 11 53 63 22 30 69 56 64 70 0 11 86 48 24 12 30 46 46 3 17 71 12 224 15 output 15 6 24 12 | 18 11 8 29 | 38 25 14 27 21 | 4 19 | 22 20 10 32 16 | 30 13 35 37 23 | 36 5 2 31 28 | 26 9 33 3 34 7 17
0.103000 0.632000 0.473000 0.590000 0.423000 0.727000 0.550000 0.605000 0.335000 0.072000 0.699000 0.230000 0.675000 0.711000 0.621000 0.174000 0.449000 0.317000 0.244000 0.777000 0.221000 0.497000 0.022000 0.612000 0.739000 0.784000 0.690000 0.861000 0.431000 0.960000 0.057000 0.069000 0.710000 0.128000 0.831000 0.369000 0.010000 0.173000 0.836000 0.643000 0.988000 0.022000 0.200000 0.043000 0.210000 0.005000 0.648000 0.037000 0.625000 0.623000 0.831000 0.649000 0.322000 0.030000 0.563000 0.275000 0.701000 0.289000 0.064000 0.552000 0.869000 0.824000 0.284000 0.062000 0.693000 0.495000 0.551000 0.614000 0.728000 0.186000 0.701000 0.731000 0.024000 0.566000 0.751000 0.148000 0 18 76 68 52 22 26 85 11 96 63 51 56 25 9 25 57 46 65 24 67 54 56 55 49 34 84 90 78 85 44 44 84 65 46 0 84 30 260 21 output 24 17 38 21 18 | 4 25 26 20 33 | 9 8 35 6 29 | 11 3 10 | 2 34 7 36 13 31 14 15 | 28 5 27 | 32 23 22 16 19 | 30 37 12
0.336000 0.471000 0.756000 0.642000 0.703000 0.025000 0.048000 0.598000 0.454000 0.862000 0.868000 0.857000 0.847000 0.697000 0.839000 0.840000 0.875000 0.642000 0.015000 0.640000 0.141000 0.426000 0.843000 0.157000 0.214000 0.766000 0.189000 0.317000 0.768000 0.755000 0.947000 0.781000 0.607000 0.026000 0.512000 0.393000 0.991000 0.408000 0.859000 0.125000 0.255000 0.912000 0.670000 0.109000 0.498000 0.236000 0.336000 0.043000 0.701000 0.475000 0.701000 0.529000 0.774000 0.347000 0.434000 0.311000 0.032000 0.953000 0.977000 0.875000 0.344000 0.038000 0.750000 0.866000 0.875000 0.414000 0.717000 0.458000 0.171000 0.919000 0.977000 0.579000 0.514000 0.220000 0.369000 0.510000 0 33 61 68 60 82 54 81 24 76 57 57 35 75 19 5 45 16 46 67 38 82 60 1 25 90 81 69 89 31 49 18 96 95 46 95 59 55 276 19 output 15 32 8 6 30 16 2 | 38 26 25 34 | 23 37 28 | 33 36 9 7 | 18 12 20 19 27 | 10 4 11 14 | 24 31 17 3 22 | 5 21 35 29 13
0.166000 0.436000 0.220000 0.244000 0.537000 0.388000 0.213000 0.158000 0.739000 0.185000 0.585000 0.491000 0.322000 0.051000 0.247000 0.670000 0.737000 0.886000 0.325000 0.695000 0.166000 0.596000 0.499000 0.139000 0.466000 0.879000 0.695000 0.683000 0.456000 0.373000 0.009000 0.973000 0.724000 0.455000 0.657000 0.309000 0.117000 0.663000 0.575000 0.777000 0.198000 0.179000 0.837000 0.965000 0.901000 0.890000 0.838000 0.929000 0.316000 0.968000 0.586000 0.089000 0.145000 0.858000 0.766000 0.535000 0.766000 0.634000 0.705000 0.410000 0.315000 0.577000 0.002000 0.072000 0.022000 0.916000 0.217000 0.135000 0.682000 0.239000 0.396000 0.329000 0.130000 0.347000 0.124000 0.196000 0.454000 0.705000 0.478000 0.650000 0.507000 0.903000 0.426000 0.267000 0.906000 0.660000 0.536000 0.728000 0 23 51 16 50 31 72 86 74 73 35 83 48 71 81 8 52 73 72 6 27 58 0 21 66 64 84 97 66 67 17 71 9 1 75 15 43 29 37 87 46 3 28 65 242 19 output 8 27 19 | 36 18 30 17 6 | 37 38 32 34 4 21 2 | 40 10 11 | 43 23 24 22 9 20 39 31 | 26 5 35 3 | 7 12 42 15 | 28 29 14 | 33 16 25 13 41 44
0.464000 0.923000 0.441000 0.063000 0.086000 0.528000 0.177000 0.374000 0.444000 0.112000 0.029000 0.215000 0.605000 0.535000 0.158000 0.816000 0.332000 0.974000 0.683000 0.598000 0.590000 0.869000 0.231000 0.144000 0.631000 0.917000 0.214000 0.597000 0.537000 0.342000 0.892000 0.850000 0.282000 0.315000 0.316000 0.758000 0.899000 0.006000 0.224000 0.921000 0.575000 0.787000 0.915000 0.130000 0.487000 0.877000 0.047000 0.585000 0.303000 0.718000 0.401000 0.353000 0.280000 0.286000 0.545000 0.634000 0.143000 0.609000 0.039000 0.043000 0.972000 0.015000 0.285000 0.507000 0.430000 0.428000 0.526000 0.357000 0.843000 0.714000 0.936000 0.088000 0.608000 0.235000 0.795000 0.533000 0.180000 0.003000 0.718000 0.007000 0.803000 0.566000 0.226000 0.056000 0.083000 0.598000 0.052000 0.199000 0 20 43 28 87 36 76 54 94 85 60 82 64 89 65 65 76 79 62 80 76 35 61 93 89 53 65 48 74 19 68 8 29 48 49 11 19 50 67 80 8 95 80 33 292 26 output 32 4 6 44 30 39 42 | 13 16 35 11 | 41 22 36 31 19 40 37 | 29 3 24 43 | 23 8 20 9 | 25 14 18 | 27 12 2 5 33 | 17 26 15 34 28 | 21 10 38 7
0.443000 0.741000 0.314000 0.785000 0.851000 0.688000 0.333000 0.234000 0.045000 0.664000 0.815000 0.849000 0.214000 0.522000 0.693000 0.179000 0.078000 0.349000 0.607000 0.352000 0.618000 0.201000 0.339000 0.745000 0.435000 0.656000 0.961000 0.108000 0.030000 0.771000 0.777000 0.780000 0.884000 0.541000 0.231000 0.240000 0.479000 0.405000 0.756000 0.640000 0.000000 0.156000 0.623000 0.068000 0.144000 0.441000 0.515000 0.182000 0.669000 0.376000 0.161000 0.051000 0.161000 0.185000 0.715000 0.128000 0.020000 0.622000 0.561000 0.875000 0.750000 0.840000 0.390000 0.859000 0.155000 0.366000 0.060000 0.590000 0.416000 0.996000 0.021000 0.634000 0.489000 0.934000 0.267000 0.766000 0.296000 0.488000 0.131000 0.193000 0.380000 0.262000 0.210000 0.719000 0.177000 0.113000 0.349000 0.553000 0 80 18 19 46 90 65 83 91 7 26 37 95 14 50 11 82 29 37 24 5 90 56 27 33 39 71 81 93 59 58 38 43 18 28 53 66 0 77 30 45 65 47 10 237 34 output 40 27 18 4 41 19 | 20 17 14 28 11 10 | 24 22 8 25 | 44 43 26 21 9 33 | 30 31 6 16 3 | 7 23 39 | 5 36 29 34 | 37 35 32 13 | 12 42 15 38 2
0.322000 0.598000 0.884000 0.977000 0.065000 0.463000 0.736000 0.851000 0.128000 0.111000 0.500000 0.028000 0.151000 0.232000 0.481000 0.760000 0.925000 0.439000 0.195000 0.650000 0.798000 0.839000 0.747000 0.761000 0.202000 0.328000 0.903000 0.511000 0.844000 0.721000 0.998000 0.292000 0.033000 0.509000 0.416000 0.858000 0.238000 0.949000 0.065000 0.259000 0.570000 0.550000 0.011000 0.413000 0.591000 0.294000 0.482000 0.987000 0.994000 0.852000 0.528000 0.453000 0.567000 0.039000 0.250000 0.682000 0.076000 0.838000 0.081000 0.299000 0.393000 0.547000 0.210000 0.821000 0.371000 0.123000 0.500000 0.155000 0.221000 0.128000 0.757000 0.473000 0.545000 0.059000 0.353000 0.487000 0.298000 0.189000 0.394000 0.968000 0.898000 0.490000 0.589000 0.297000 0.151000 0.244000 0.532000 0.984000 0 2 87 57 99 80 38 30 68 26 11 22 10 86 79 53 39 34 22 2 75 13 54 60 76 98 34 95 50 21 21 38 67 9 20 73 35 78 0 99 45 59 44 99 246 31 output 34 37 27 6 33 39 | 28 17 22 3 | 31 26 21 | 12 14 41 36 | 30 20 5 35 7 43 13 | 18 24 44 8 | 9 16 23 42 | 10 29 32 19 40 | 15 25 2 11 4 | 38
0.047000 0.481000 0.647000 0.104000 0.557000 0.359000 0.800000 0.312000 0.437000 0.536000 0.910000 0.812000 0.329000 0.916000 0.194000 0.179000 0.611000 0.207000 0.530000 0.968000 0.978000 0.841000 0.248000 0.023000 0.524000 0.375000 0.141000 0.778000 0.362000 0.748000 0.932000 0.965000 0.391000 0.877000 0.871000 0.101000 0.601000 0.425000 0.973000 0.373000 0.341000 0.723000 0.915000 0.932000 0.103000 0.441000 0.076000 0.706000 0.547000 0.308000 0.561000 0.855000 0.446000 0.694000 0.130000 0.622000 0.444000 0.027000 0.767000 0.852000 0.056000 0.793000 0.738000 0.042000 0.650000 0.478000 0.606000 0.344000 0.916000 0.169000 0.826000 0.786000 0.559000 0.709000 0.044000 0.691000 0.010000 0.166000 0.922000 0.773000 0.665000 0.007000 0.499000 0.267000 0.547000 0.058000 0.983000 0.470000 0 27 45 26 71 0 51 73 8 44 42 36 40 95 82 52 38 6 91 44 39 9 15 67 85 37 23 62 12 29 95 91 60 75 24 0 45 95 94 19 80 94 49 27 244 31 output 23 8 12 39 | 25 4 44 20 35 18 2 | 13 3 19 33 | 15 27 10 17 7 | 9 32 41 43 29 | 28 24 38 | 42 34 5 | 26 30 22 16 11 6 40 36 37 | 21 14 31
0.518000 0.860000 0.145000 0.184000 0.249000 0.298000 0.477000 0.564000 0.062000 0.628000 0.429000 0.673000 0.932000 0.498000 0.125000 0.758000 0.685000 0.559000 0.041000 0.439000 0.720000 0.527000 0.293000 0.994000 0.185000 0.635000 0.908000 0.325000 0.775000 0.207000 0.440000 0.203000 0.341000 0.967000 0.998000 0.994000 0.115000 0.379000 0.317000 0.325000 0.039000 0.115000 0.279000 0.504000 0.266000 0.217000 0.166000 0.308000 0.183000 0.394000 0.375000 0.940000 0.748000 0.228000 0.063000 0.815000 0.033000 0.290000 0.069000 0.212000 0.356000 0.291000 0.828000 0.435000 0.710000 0.265000 0.369000 0.437000 0.305000 0.271000 0.544000 0.533000 0.284000 0.325000 0.812000 0.384000 0.427000 0.405000 0.750000 0.497000 0.147000 0.373000 0.191000 0.788000 0.780000 0.677000 0.489000 0.792000 0 59 64 22 43 80 95 24 90 62 74 83 0 76 92 57 35 21 22 88 12 25 6 86 64 73 32 72 95 71 2 79 24 73 6 20 10 77 5 4 30 76 3 20 239 18 output 18 7 9 36 | 31 23 2 21 30 24 | 20 37 3 35 16 39 | 26 17 12 | 10 29 19 41 22 | 33 27 15 14 43 | 42 8 28 5 13 44 | 11 40 38 32 | 6 25 34 4
0.419000 0.084000 0.700000 0.884000 0.581000 0.633000 0.779000 0.348000 0.566000 0.850000 0.015000 0.635000 0.614000 0.566000 0.267000 0.873000 0.394000 0.239000 0.180000 0.413000 0.880000 0.505000 0.586000 0.316000 0.335000 0.297000 0.561000 0.382000 0.549000 0.128000 0.239000 0.425000 0.949000 0.393000 0.930000 0.723000 0.379000 0.853000 0.967000 0.406000 0.828000 0.996000 0.579000 0.603000 0.760000 0.448000 0.866000 0.232000 0.759000 0.368000 0.312000 0.489000 0.408000 0.035000 0.428000 0.190000 0.163000 0.564000 0.507000 0.641000 0.455000 0.562000 0.564000 0.961000 0.160000 0.551000 0.264000 0.128000 0.022000 0.658000 0.692000 0.411000 0.927000 0.943000 0.482000 0.681000 0.592000 0.638000 0.329000 0.986000 0.989000 0.784000 0.276000 0.571000 0.052000 0.547000 0.488000 0.718000 0 99 30 62 15 2 47 5 13 88 62 30 69 37 88 34 52 24 41 97 25 16 19 79 56 10 44 58 82 96 58 5 27 53 56 54 74 96 37 2 87 96 16 83 247 28 output 4 25 11 36 | 14 21 37 41 18 | 28 15 27 | 24 17 20 23 | 9 26 42 29 33 | 34 10 16 13 | 3 39 44 38 | 5 2 32 19 40 8 35 6 43 | 31 30 22 7 12
0.726000 0.889000 0.539000 0.479000 0.876000 0.606000 0.312000 0.519000 0.635000 0.047000 0.681000 0.052000 0.519000 0.111000 0.861000 0.457000 0.299000 0.401000 0.935000 0.162000 0.120000 0.003000 0.602000 0.754000 0.782000 0.436000 0.104000 0.863000 0.314000 0.289000 0.783000 0.062000 0.881000 0.685000 0.509000 0.388000 0.783000 0.045000 0.882000 0.625000 0.645000 0.576000 0.238000 0.901000 0.126000 0.054000 0.060000 0.911000 0.660000 0.917000 0.956000 0.316000 0.303000 0.286000 0.158000 0.922000 0.983000 0.046000 0.767000 0.666000 0.075000 0.505000 0.897000 0.267000 0.357000 0.903000 0.247000 0.761000 0.478000 0.560000 0.638000 0.396000 0.514000 0.963000 0.685000 0.443000 0.654000 0.592000 0.510000 0.969000 0.683000 0.724000 0.731000 0.987000 0.370000 0.802000 0.702000 0.822000 0 58 4 73 82 42 29 65 89 60 59 39 12 47 43 52 41 86 9 4 98 61 73 93 67 45 68 74 30 89 64 91 48 11 73 65 71 88 65 2 62 45 0 64 273 29 output 38 36 21 | 4 9 27 15 | 41 39 30 17 | 43 14 24 28 33 | 13 29 19 16 6 5 7 | 11 23 31 34 22 | 8 32 10 26 3 20 | 12 35 18 2 | 44 25 37 40 42
0.717000 0.853000 0.963000 0.982000 0.556000 0.042000 0.365000 0.292000 0.956000 0.820000 0.539000 0.924000 0.146000 0.038000 0.451000 0.461000 0.765000 0.376000 0.463000 0.287000 0.362000 0.017000 0.388000 0.172000 0.522000 0.835000 0.211000 0.881000 0.187000 0.370000 0.869000 0.893000 0.942000 0.787000 0.111000 0.896000 0.036000 0.636000 0.881000 0.151000 1.000000 0.379000 0.186000 0.919000 0.738000 0.288000 0.264000 0.211000 0.528000 0.690000 0.405000 0.320000 0.990000 0.100000 0.930000 0.951000 0.858000 0.422000 0.710000 0.378000 0.813000 0.410000 0.590000 0.408000 0.763000 0.015000 0.054000 0.115000 0.146000 0.991000 0.125000 0.785000 0.126000 0.999000 0.000000 0.164000 0.026000 0.978000 0.010000 0.683000 0.528000 0.684000 0.900000 0.156000 0.733000 0.783000 0.542000 0.755000 0 55 47 45 37 0 32 75 15 24 28 43 35 33 72 65 94 40 71 59 36 49 85 88 77 43 83 53 99 66 97 26 64 38 62 30 86 43 93 17 25 54 51 53 267 20 output 18 39 40 19 36 | 17 5 2 28 | 15 38 34 7 11 12 | 26 4 24 8 | 13 14 22 37 35 6 | 16 | 9 23 33 3 10 32 | 43 41 25 44 | 20 42 27 21 | 29 31 30
0.930000 0.744000 0.565000 0.258000 0.138000 0.672000 0.670000 0.629000 0.116000 0.580000 0.051000 0.806000 0.834000 0.609000 0.824000 0.353000 0.470000 0.374000 0.525000 0.337000 0.054000 0.313000 0.609000 0.690000 0.600000 0.405000 0.701000 0.483000 0.542000 0.744000 0.491000 0.444000 0.582000 0.265000 0.832000 0.709000 0.159000 0.479000 0.546000 0.590000 0.265000 0.374000 0.360000 0.778000 0.547000 0.002000 0.924000 0.093000 0.767000 0.011000 0.627000 0.613000 0.779000 0.498000 0.853000 0.743000 0.540000 0.816000 0.616000 0.112000 0.054000 0.505000 0.557000 0.487000 0.023000 0.150000 0.032000 0.513000 0.766000 0.099000 0.313000 0.886000 0.864000 0.132000 0.757000 0.077000 0.699000 0.413000 0.236000 0.039000 0.917000 0.839000 0.257000 0.417000 0.176000 0.950000 0.930000 0.874000 0 69 18 38 71 10 91 61 62 61 95 51 59 29 28 5 60 80 87 10 50 22 73 98 90 58 24 9 38 6 46 30 90 34 70 13 82 52 50 68 35 99 76 55 262 35 output 8 39 14 26 4 | 28 12 15 22 6 43 36 29 | 44 41 18 7 | 3 5 34 31 19 | 11 33 40 | 13 10 2 17 | 32 16 9 21 42 20 | 24 37 35 | 27 30 23 25 38
0.860000 0.696000 0.970000 0.853000 0.451000 0.434000 0.948000 0.844000 0.922000 0.592000 0.452000 0.346000 0.805000 0.945000 0.372000 0.372000 0.997000 0.655000 0.474000 0.960000 0.167000 0.680000 0.210000 0.951000 0.860000 0.554000 0.071000 0.322000 0.310000 0.040000 0.315000 0.129000 0.945000 0.958000 0.880000 0.137000 0.583000 0.079000 0.555000 0.932000 0.577000 0.903000 0.423000 0.760000 0.835000 0.071000 0.993000 0.861000 0.696000 0.132000 0.822000 0.581000 0.569000 0.052000 0.141000 0.283000 0.775000 0.932000 0.524000 0.457000 0.716000 0.943000 0.138000 0.777000 0.560000 0.448000 0.124000 0.507000 0.232000 0.413000 0.285000 0.034000 0.904000 0.895000 0.422000 0.520000 0.958000 0.247000 0.010000 0.883000 0.353000 0.791000 0.582000 0.898000 0.020000 0.193000 0.201000 0.287000 0 23 55 5 30 60 36 53 94 29 78 94 42 75 7 85 26 26 84 35 98 75 2 6 98 18 29 35 35 81 97 28 71 38 2 60 44 27 81 30 54 91 20 2 240 26 output 25 27 23 18 39 | 30 38 41 22 | 26 13 5 9 | 35 44 28 43 14 34 10 20 | 33 6 8 3 | 42 21 29 | 19 15 36 16 | 31 7 37 17 24 2 4 | 11 32 40 12
0.447000 0.693000 0.990000 0.693000 0.215000 0.832000 0.902000 0.782000 0.565000 0.337000 0.112000 0.571000 0.626000 0.070000 0.588000 0.275000 0.557000 0.635000 0.717000 0.869000 0.460000 0.573000 0.602000 0.904000 0.765000 0.128000 0.114000 0.301000 0.320000 0.997000 0.198000 0.786000 0.566000 0.772000 0.505000 0.149000 0.056000 0.251000 0.746000 0.374000 0.486000 0.121000 0.193000 0.621000 0.237000 0.769000 0.868000 0.432000 0.057000 0.031000 0.850000 0.730000 0.757000 0.152000 0.934000 0.972000 0.238000 0.254000 0.230000 0.015000 0.623000 0.863000 0.193000 0.042000 0.207000 0.130000 0.141000 0.924000 0.228000 0.110000 0.122000 0.920000 0.889000 0.943000 0.744000 0.761000 0.704000 0.059000 0.471000 0.285000 0.079000 0.085000 0.275000 0.301000 0.644000 0.583000 0.138000 0.939000 0 50 98 21 51 50 19 18 72 43 80 75 83 27 35 65 31 56 71 51 37 79 9 94 15 74 19 73 90 82 70 0 49 16 66 29 17 56 44 97 57 74 44 2 255 21 output 20 27 13 39 7 8 | 15 44 34 36 3 16 23 | 26 4 28 37 10 | 5 18 21 40 | 12 31 17 9 | 14 19 41 25 32 30 | 29 42 11 | 35 33 6 22 | 38 2 24 43
0.316000 0.296000 0.022000 0.331000 0.748000 0.288000 0.328000 0.159000 0.158000 0.081000 0.729000 0.384000 0.027000 0.675000 0.715000 0.473000 0.201000 0.257000 0.092000 0.020000 0.154000 0.655000 0.446000 0.154000 0.997000 0.248000 0.858000 0.476000 0.647000 0.777000 0.888000 0.037000 0.311000 0.766000 0.852000 0.763000 0.316000 0.603000 0.718000 0.730000 0.272000 0.958000 0.488000 0.445000 0.090000 0.913000 0.524000 0.602000 0.357000 0.442000 0.643000 0.690000 0.619000 0.147000 0.417000 0.834000 0.735000 0.803000 0.079000 0.868000 0.084000 0.004000 0.017000 0.386000 0.925000 0.776000 0.627000 0.062000 0.324000 0.299000 0.507000 0.976000 0.560000 0.784000 0.031000 0.632000 0.147000 0.882000 0.469000 0.615000 0.321000 0.088000 0.222000 0.222000 0.839000 0.814000 0.831000 0.890000 0 56 90 58 0 89 71 50 98 7 93 53 60 34 2 54 97 40 18 85 34 83 95 24 77 71 98 94 70 31 40 95 77 75 14 38 87 83 57 4 23 72 57 16 288 24 output 35 8 14 13 16 34 | 18 33 43 44 29 24 | 22 28 17 | 38 11 19 25 | 7 30 23 39 21 | 40 37 36 15 20 26 | 32 2 9 | 27 3 6 | 12 4 41 31 10 5 42
0.958000 0.950000 0.045000 0.723000 0.133000 0.667000 0.987000 0.616000 0.884000 0.883000 0.509000 0.716000 0.727000 0.034000 0.673000 0.198000 0.264000 0.151000 0.797000 0.699000 0.551000 0.307000 0.012000 0.395000 0.342000 0.143000 0.449000 0.948000 0.004000 0.740000 0.817000 0.937000 0.077000 0.609000 0.580000 0.194000 0.575000 0.869000 0.150000 0.042000 0.452000 0.271000 0.442000 0.105000 0.121000 0.091000 0.640000 0.224000 0.659000 0.649000 0.845000 0.732000 0.096000 0.487000 0.450000 0.624000 0.505000 0.857000 0.855000 0.779000 0.295000 0.220000 0.297000 0.599000 0.556000 0.362000 0.825000 0.997000 0.953000 0.658000 0.276000 0.479000 0.085000 0.010000 0.581000 0.033000 0.472000 0.843000 0.953000 0.051000 0.271000 0.598000 0.435000 0.502000 0.075000 0.319000 0.052000 0.774000 0 99 62 51 4 10 19 49 31 97 5 61 85 46 16 32 71 13 38 5 36 59 10 58 24 60 57 9 51 7 15 62 72 42 24 39 68 20 5 53 93 60 99 67 220 34 output 8 24 18 11 33 | 16 44 15 2 39 | 31 9 23 37 20 13 | 4 10 26 | 34 14 29 19 | 6 28 32 17 3 | 27 12 43 | 30 21 22 38 7 40 35 | 41 36 42 25 5
0.572000 0.888000 0.644000 0.608000 0.958000 0.239000 0.816000 0.016000 0.459000 0.602000 0.849000 0.615000 0.935000 0.160000 0.384000 0.665000 0.180000 0.580000 0.679000 0.668000 0.448000 0.524000 0.931000 0.885000 0.314000 0.439000 0.735000 0.355000 0.181000 0.819000 0.586000 0.887000 0.714000 0.214000 0.040000 0.366000 0.621000 0.102000 0.679000 0.186000 0.118000 0.037000 0.271000 0.566000 0.170000 0.049000 0.125000 0.972000 0.320000 0.645000 0.810000 0.844000 0.654000 0.029000 0.461000 0.993000 0.839000 0.355000 0.837000 0.633000 0.038000 0.645000 0.163000 0.595000 0.128000 0.734000 0.422000 0.701000 0.394000 0.266000 0.762000 0.783000 0.175000 0.144000 0.055000 0.512000 0.829000 0.995000 0.787000 0.107000 0.081000 0.424000 0.402000 0.344000 0.467000 0.220000 0.228000 0.764000 0 73 31 89 39 59 0 75 45 91 57 95 41 88 46 78 99 81 58 96 84 64 78 52 78 13 60 98 88 64 41 23 48 24 87 84 78 13 98 74 17 35 91 1 307 26 output 14 29 6 30 | 25 22 13 35 42 | 5 9 32 41 18 38 31 33 | 34 8 44 15 24 28 | 37 21 23 11 | 39 12 26 36 | 2 10 16 | 17 40 4 7 3 | 20 27 19 43
0.525000 0.397000 0.752000 0.385000 0.087000 0.562000 0.598000 0.308000 0.434000 0.755000 0.769000 0.396000 0.833000 0.533000 0.753000 0.096000 0.364000 0.917000 0.041000 0.253000 0.576000 0.423000 0.967000 0.292000 0.681000 0.736000 0.800000 0.699000 0.139000 0.890000 0.094000 0.873000 0.591000 0.066000 0.637000 0.034000 0.459000 0.256000 0.214000 0.994000 0.609000 0.989000 0.161000 0.668000 0.515000 0.254000 0.909000 0.862000 0.399000 0.667000 0.269000 0.154000 0.970000 0.860000 0.429000 0.099000 0.561000 0.857000 0.497000 0.511000 0.782000 0.331000 0.487000 0.266000 0.815000 0.209000 0.980000 0.755000 0.233000 0.030000 0.200000 0.086000 0.134000 0.203000 0.765000 0.162000 0.119000 0.657000 0.507000 0.035000 0.500000 0.667000 0.092000 0.382000 0.895000 0.302000 0.691000 0.082000 0 47 39 19 80 15 20 84 22 40 44 83 44 1 92 81 14 91 29 72 31 57 93 92 67 59 97 25 92 14 2 50 60 81 64 49 85 96 98 36 52 36 67 25 273 26 output 4 33 12 43 31 | 11 41 5 25 30 | 44 18 17 40 28 19 32 | 26 35 36 37 | 23 8 38 | 2 6 7 13 21 29 | 22 39 3 42 10 | 9 20 15 16 | 34 27 24 14
0.219000 0.530000 0.067000 0.983000 0.777000 0.033000 0.758000 0.687000 0.967000 0.746000 0.149000 0.376000 0.400000 0.669000 0.006000 0.401000 0.793000 0.136000 0.621000 0.744000 0.085000 0.460000 0.358000 0.455000 0.444000 0.389000 0.026000 0.538000 0.914000 0.433000 0.079000 0.230000 0.789000 0.553000 0.420000 0.786000 0.776000 0.689000 0.831000 0.094000 0.330000 0.255000 0.662000 0.506000 0.735000 0.094000 0.617000 0.229000 0.719000 0.449000 0.886000 0.817000 0.659000 0.320000 0.004000 0.906000 0.301000 0.766000 0.631000 0.102000 0 87 33 32 64 55 87 58 9 11 37 17 71 43 63 95 66 16 87 17 89 16 43 54 8 67 75 84 24 45 251 16 output 14 28 2 29 | 22 25 17 19 4 10 18 | 6 16 8 11 | 30 23 3 20 9 27 12 | 26 5 15 24 | 7 13 21
0.497000 0.881000 0.672000 0.321000 0.415000 0.133000 0.313000 0.147000 0.453000 0.019000 0.115000 0.691000 0.031000 0.847000 0.410000 0.391000 0.486000 0.178000 0.472000 0.208000 0.677000 0.820000 0.297000 0.531000 0.728000 0.588000 0.077000 0.808000 0.547000 0.684000 0.392000 0.857000 0.076000 0.244000 0.914000 0.732000 0.862000 0.017000 0.376000 0.786000 0.312000 0.976000 0.998000 0.554000 0.456000 0.811000 0.302000 0.508000 0.648000 0.484000 0.715000 0.524000 0.390000 0.455000 0.749000 0.276000 0.376000 0.987000 0.500000 0.198000 0 62 23 88 52 84 58 25 65 94 13 15 48 35 34 3 56 13 8 10 88 15 57 48 20 79 8 44 27 49 211 15 output 29 21 16 23 | 11 18 22 28 19 5 3 8 27 20 | 25 2 26 13 | 12 24 17 4 | 30 9 10 | 15 6 14 7
0.834000 0.685000 0.009000 0.580000 0.831000 0.521000 0.649000 0.080000 0.552000 0.680000 0.906000 0.416000 0.980000 0.950000 0.405000 0.241000 0.827000 0.457000 0.256000 0.242000 0.831000 0.153000 0.050000 0.000000 0.780000 0.084000 0.268000 0.977000 0.362000 0.681000 0.791000 0.967000 0.810000 0.632000 0.906000 0.713000 0.330000 0.281000 0.189000 0.189000 0.606000 0.189000 0.248000 0.056000 0.285000 0.282000 0.277000 0.711000 0.115000 0.908000 0.320000 0.029000 0.684000 0.680000 0.123000 0.921000 0.863000 0.256000 0.578000 0.105000 0 12 44 89 11 43 88 45 70 37 42 62 13 75 41 12 36 55 24 82 18 72 35 63 13 84 52 8 73 67 236 20 output 6 29 9 3 | 18 7 16 27 | 19 23 10 20 8 | 5 15 24 25 28 14 | 17 | 21 30 4 13 11 | 2 12 22 26
0.273000 0.276000 0.261000 0.327000 0.833000 0.536000 0.878000 0.101000 0.674000 0.287000 0.274000 0.089000 0.726000 0.323000 0.411000 0.380000 0.177000 0.745000 0.779000 0.089000 0.952000 0.734000 0.373000 0.693000 0.592000 0.389000 0.518000 0.117000 0.019000 0.145000 0.322000 0.422000 0.204000 0.298000 0.960000 0.127000 0.012000 0.831000 0.438000 0.818000 0.636000 0.214000 0.015000 0.176000 0.513000 0.448000 0.817000 0.003000 0.180000 0.777000 0.791000 0.278000 0.761000 0.770000 0.766000 0.031000 0.168000 0.413000 0.647000 0.735000 0 23 19 64 78 30 57 32 19 16 53 42 32 6 3 47 57 4 82 5 97 78 26 26 35 47 1 33 34 5 182 16 output 29 19 25 9 | 23 3 11 27 30 20 12 2 | 14 10 28 24 4 18 13 | 21 8 16 | 7 26 5 | 17 22 15 6
0.213000 0.752000 0.065000 0.183000 0.355000 0.023000 0.299000 0.451000 0.479000 0.758000 0.506000 0.874000 0.122000 0.902000 0.216000 0.759000 0.510000 0.231000 0.709000 0.246000 0.095000 0.329000 0.986000 0.163000 0.510000 0.627000 0.437000 0.847000 0.414000 0.807000 0.838000 0.158000 0.986000 0.378000 0.435000 0.563000 0.060000 0.982000 0.956000 0.142000 0.566000 0.266000 0.511000 0.760000 0.873000 0.159000 0.955000 0.049000 0.002000 0.207000 0.357000 0.264000 0.259000 0.914000 0.765000 0.731000 0.366000 0.969000 0.345000 0.274000 0 67 97 36 40 25 74 12 98 75 68 3 69 92 88 72 56 5 18 84 15 92 95 42 39 24 47 33 6 22 258 14 output 23 16 10 21 | 30 26 3 9 18 8 | 4 2 25 11 | 5 28 17 12 20 24 | 7 19 27 29 6 15 | 13 22 14
0.052000 0.572000 0.930000 0.282000 0.556000 0.770000 0.727000 0.444000 0.924000 0.208000 0.893000 0.098000 0.109000 0.265000 0.351000 0.786000 0.883000 0.217000 0.176000 0.264000 0.714000 0.550000 0.965000 0.205000 0.822000 0.258000 0.723000 0.536000 0.852000 0.593000 0.818000 0.547000 0.226000 0.952000 0.223000 0.728000 0.363000 0.226000 0.233000 0.869000 0.001000 0.992000 0.062000 0.841000 0.672000 0.850000 0.583000 0.538000 0.812000 0.570000 0.879000 0.539000 0.923000 0.805000 0.583000 0.838000 0.120000 0.085000 0.274000 0.220000 0 30 3 88 38 53 90 77 24 34 47 93 6 68 42 79 67 25 18 91 51 65 57 33 28 89 99 86 95 79 286 14 output 19 30 29 7 | 22 21 17 20 | 8 11 14 4 | 25 15 26 16 24 | 10 6 5 12 2 9 13 | 3 27 23 28 18
0.698000 0.652000 0.453000 0.047000 0.219000 0.392000 0.043000 0.614000 0.551000 0.194000 0.470000 0.665000 0.668000 0.999000 0.400000 0.310000 0.369000 0.622000 0.233000 0.285000 0.429000 0.578000 0.802000 0.946000 0.469000 0.145000 0.726000 0.128000 0.070000 0.371000 0.502000 0.184000 0.553000 0.271000 0.949000 0.992000 0.938000 0.550000 0.451000 0.088000 0.963000 0.605000 0.955000 0.672000 0.217000 0.382000 0.339000 0.300000 0.878000 0.532000 0.100000 0.496000 0.248000 0.661000 0.475000 0.513000 0.542000 0.474000 0.791000 0.465000 0 25 64 71 67 49 43 91 19 94 98 0 63 50 4 60 42 2 14 9 90 43 8 29 27 26 44 61 54 48 224 22 output 16 2 20 13 28 | 7 12 18 22 21 19 25 | 8 24 10 | 29 11 9 6 | 3 23 15 26 4 27 | 17 5 14 30
0.689000 0.110000 0.995000 0.474000 0.755000 0.760000 0.161000 0.154000 0.027000 0.027000 0.654000 0.694000 0.773000 0.915000 0.726000 0.796000 0.507000 0.927000 0.509000 0.260000 0.030000 0.006000 0.766000 0.175000 0.957000 0.606000 0.309000 0.012000 0.214000 0.293000 0.558000 0.544000 0.358000 0.249000 0.687000 0.555000 0.353000 0.620000 0.171000 0.535000 0.704000 0.753000 0.418000 0.239000 0.465000 0.362000 0.200000 0.461000 0.042000 0.750000 0.432000 0.331000 0.813000 0.304000 0.869000 0.857000 0.146000 0.486000 0.007000 0.721000 0 23 26 2 81 97 31 3 43 70 58 55 43 40 10 25 79 7 78 10 22 88 79 67 28 27 55 29 44 17 214 19 output 12 | 14 11 5 4 | 18 21 8 28 7 9 19 | 22 17 | 10 23 27 | 2 13 3 6 16 | 26 24 20 25 30 29 15
0.995000 0.499000 0.907000 0.374000 0.071000 0.711000 0.432000 0.115000 0.242000 0.157000 0.478000 0.928000 0.457000 0.015000 0.386000 0.978000 0.506000 0.935000 0.992000 0.961000 0.968000 0.059000 0.085000 0.186000 0.481000 0.497000 0.594000 0.331000 0.363000 0.018000 0.688000 0.012000 0.979000 0.580000 0.899000 0.255000 0.813000 0.103000 0.634000 0.092000 0.590000 0.837000 0.163000 0.645000 0.170000 0.691000 0.887000 0.893000 0.577000 0.241000 0.196000 0.540000 0.228000 0.406000 0.304000 0.075000 0.603000 0.305000 0.223000 0.956000 0 69 62 16 71 48 42 24 67 27 1 1 8 3 84 85 45 44 82 96 2 74 51 46 97 47 86 49 70 93 257 19 output 13 22 3 23 6 21 | 7 15 4 25 | 17 2 19 18 | 10 24 9 8 30 | 26 27 12 5 28 14 | 29 20 16 11
0.798000 0.405000 0.213000 0.812000 0.726000 0.797000 0.817000 0.319000 0.099000 0.902000 0.688000 0.462000 0.689000 0.833000 0.723000 0.331000 0.649000 0.396000 0.664000 0.775000 0.295000 0.475000 0.940000 0.338000 0.460000 0.393000 0.695000 0.520000 0.085000 0.045000 0.232000 0.911000 0.855000 0.875000 0.321000 0.107000 0.265000 0.845000 0.032000 0.932000 0.630000 0.632000 0.004000 0.946000 0.674000 0.450000 0.018000 0.254000 0.110000 0.627000 0.865000 0.609000 0.078000 0.202000 0.235000 0.561000 0.381000 0.243000 0.387000 0.888000 0 4 88 60 2 44 45 47 21 36 32 27 92 58 71 12 65 89 0 36 48 20 85 48 85 22 11 0 30 66 215 22 output 10 30 19 16 22 20 5 2 11 | 13 29 18 | 15 27 24 25 28 | 8 9 23 6 | 17 7 3 | 14 21 26 12 4
0.975000 0.211000 0.255000 0.387000 0.866000 0.834000 0.102000 0.500000 0.322000 0.542000 0.997000 0.212000 0.033000 0.024000 0.333000 0.053000 0.215000 0.717000 0.253000 0.933000 0.935000 0.667000 0.400000 0.893000 0.724000 0.146000 0.079000 0.859000 0.757000 0.595000 0.228000 0.927000 0.277000 0.807000 0.134000 0.916000 0.657000 0.677000 0.488000 0.817000 0.493000 0.311000 0.878000 0.474000 0.278000 0.760000 0.202000 0.034000 0.453000 0.791000 0.232000 0.873000 0.012000 0.494000 0.534000 0.297000 0.467000 0.875000 0.019000 0.293000 0 44 64 90 6 88 94 46 44 46 39 86 57 40 51 22 19 61 63 56 58 49 36 65 47 7 90 46 80 71 270 14 output 5 9 14 18 16 10 26 23 | 17 4 27 30 | 2 7 24 8 | 20 29 12 25 | 11 3 19 15 22 | 28 21 13 | 6
0.662000 0.166000 0.321000 0.446000 0.966000 0.728000 0.448000 0.327000 0.464000 0.320000 0.848000 0.779000 0.477000 0.793000 0.774000 0.095000 0.066000 0.688000 0.092000 0.184000 0.734000 0.884000 0.084000 0.510000 0.347000 0.970000 0.348000 0.377000 0.747000 0.069000 0.332000 0.253000 0.626000 0.576000 0.330000 0.745000 0.432000 0.697000 0.582000 0.719000 0.572000 0.323000 0.867000 0.958000 0.977000 0.710000 0.704000 0.819000 0.705000 0.609000 0.995000 0.387000 0.838000 0.831000 0.070000 0.815000 0.770000 0.932000 0.267000 0.391000 0 26 91 70 53 17 40 13 83 97 32 47 48 7 2 77 84 54 50 92 9 61 2 63 76 70 6 95 32 44 249 16 output 21 28 9 12 14 | 24 11 29 22 27 6 8 15 | 5 18 13 7 19 | 16 10 30 2 | 26 23 3 25 | 17 20 4
0.103000 0.484000 0.041000 0.361000 0.485000 0.152000 0.905000 0.854000 0.054000 0.001000 0.878000 0.157000 0.529000 0.090000 0.873000 0.347000 0.707000 0.776000 0.624000 0.264000 0.572000 0.411000 0.605000 0.768000 0.453000 0.300000 0.571000 0.573000 0.210000 0.470000 0.187000 0.659000 0.755000 0.500000 0.856000 0.592000 0.158000 0.946000 0.777000 0.220000 0.590000 0.995000 0.306000 0.412000 0.805000 0.530000 0.768000 0.813000 0.305000 0.023000 0.762000 0.450000 0.270000 0.350000 0.431000 0.890000 0.309000 0.760000 0.514000 0.671000 0 6 32 83 56 25 15 28 80 91 88 11 22 8 13 94 11 31 84 98 21 90 47 28 8 55 32 88 30 71 233 20 output 20 6 8 18 23 | 12 9 24 4 21 | 29 28 19 | 13 10 3 7 25 5 2 | 11 26 17 14 30 | 16 22 27 15
0.804000 0.388000 0.226000 0.097000 0.820000 0.678000 0.437000 0.588000 0.092000 0.476000 0.723000 0.837000 0.106000 0.077000 0.300000 0.711000 0.797000 0.943000 0.643000 0.319000 0.168000 0.485000 0.027000 0.038000 0.703000 0.364000 0.888000 0.858000 0.353000 0.632000 0.213000 0.550000 0.809000 0.716000 0.864000 0.143000 0.133000 0.616000 0.410000 0.952000 0.901000 0.227000 0.323000 0.521000 0.835000 0.861000 0.930000 0.928000 0.587000 0.720000 0.220000 0.334000 0.080000 0.094000 0.774000 0.166000 0.837000 0.899000 0.194000 0.660000 0 92 72 71 31 7 37 67 1 55 8 70 7 72 82 39 2 71 6 94 41 7 70 91 62 34 5 57 77 78 243 14 output 26 27 12 7 2 | 20 8 15 | 4 30 19 5 11 16 22 | 21 18 28 10 13 | 24 14 3 | 17 23 29 9 6 25
0.134000 0.841000 0.242000 0.064000 0.984000 0.274000 0.831000 0.887000 0.787000 0.102000 0.570000 0.616000 0.968000 0.223000 0.557000 0.016000 0.030000 0.145000 0.283000 0.185000 0.451000 0.983000 0.940000 0.983000 0.766000 0.914000 0.436000 0.767000 0.213000 0.037000 0.611000 0.306000 0.999000 0.758000 0.292000 0.292000 0.975000 0.305000 0.489000 0.958000 0.002000 0.529000 0.661000 0.638000 0.740000 0.531000 0.973000 0.439000 0.825000 0.953000 0.040000 0.851000 0.410000 0.143000 0.027000 0.628000 0.020000 0.413000 0.214000 0.194000 0 2 25 41 65 60 68 44 42 28 37 41 89 51 9 34 80 71 62 77 87 30 87 27 14 56 32 79 84 47 254 22 output 22 23 17 12 25 | 5 7 3 19 24 | 4 13 20 11 | 10 2 27 8 16 6 14 | 29 9 15 30 18 | 26 21 28
0.436000 0.106000 0.742000 0.971000 0.928000 0.933000 0.347000 0.989000 0.784000 0.197000 0.935000 0.897000 0.924000 0.089000 0.537000 0.492000 0.102000 0.576000 0.575000 0.236000 0.400000 0.694000 0.911000 0.004000 0.374000 0.250000 0.460000 0.395000 0.972000 0.847000 0.399000 0.024000 0.425000 0.985000 0.240000 0.506000 0.912000 0.465000 0.488000 0.416000 0.224000 0.639000 0.743000 0.620000 0.858000 0.501000 0.283000 0.732000 0.242000 0.161000 0.327000 0.533000 0.315000 0.060000 0.430000 0.553000 0.047000 0.564000 0.450000 0.955000 0 40 44 91 99 57 84 22 84 40 39 53 38 58 19 31 77 82 41 22 11 66 13 50 54 50 56 62 5 77 253 13 output 28 11 24 21 9 29 | 12 7 5 | 18 26 8 23 19 10 | 22 15 6 3 2 20 | 4 17 30 | 16 27 25 13 14
0.967000 0.984000 0.654000 0.310000 0.651000 0.511000 0.206000 0.609000 0.770000 0.469000 0.085000 0.838000 0.627000 0.771000 0.331000 0.053000 0.512000 0.940000 0.699000 0.898000 0.797000 0.183000 0.273000 0.361000 0.912000 0.151000 0.435000 0.079000 0.947000 0.691000 0.904000 0.562000 0.671000 0.838000 0.470000 0.371000 0.306000 0.148000 0.762000 0.707000 0.397000 0.551000 0.269000 0.831000 0.815000 0.801000 0.557000 0.432000 0.640000 0.067000 0.997000 0.084000 0.864000 0.910000 0.336000 0.267000 0.719000 0.075000 0.272000 0.324000 0.274000 0.020000 0.332000 0.663000 0.644000 0.529000 0.756000 0.628000 0.087000 0.584000 0.624000 0.489000 0.952000 0.670000 0.426000 0.910000 0.101000 0.512000 0.516000 0.602000 0.048000 0.327000 0.372000 0.137000 0.763000 0.380000 0.686000 0.848000 0.248000 0.830000 0.280000 0.878000 0.859000 0.465000 0 80 63 15 21 51 55 69 5 59 5 21 35 64 28 64 97 31 35 34 49 29 57 63 7 23 62 2 89 62 75 42 87 14 48 23 33 10 16 99 9 18 31 8 45 34 76 212 24 output 26 13 11 29 25 42 19 | 38 46 22 45 6 32 | 27 23 | 28 31 8 14 | 10 17 44 | 9 4 35 39 41 30 12 18 | 5 43 2 24 34 | 3 36 33 20 | 40 21 7 | 47 16 37 15
0.119000 0.610000 0.338000 0.336000 0.636000 0.886000 0.619000 0.271000 0.037000 0.216000 0.081000 0.999000 0.262000 0.808000 0.954000 0.648000 0.631000 0.382000 0.152000 0.088000 0.759000 0.957000 0.690000 0.094000 0.167000 0.050000 0.956000 0.143000 0.538000 0.400000 0.151000 0.400000 0.672000 0.664000 0.213000 0.328000 0.137000 0.050000 0.241000 0.320000 0.515000 0.366000 0.695000 0.133000 0.609000 0.202000 0.687000 0.696000 0.617000 0.642000 0.806000 0.103000 0.863000 0.026000 0.766000 0.690000 0.441000 0.956000 0.512000 0.352000 0.990000 0.150000 0.054000 0.900000 0.474000 0.456000 0.099000 0.292000 0.795000 0.813000 0.951000 0.841000 0.999000 0.683000 0.220000 0.796000 0.188000 0.739000 0.214000 0.172000 0.466000 0.753000 0.644000 0.352000 0.128000 0.522000 0.455000 0.279000 0.137000 0.175000 0.441000 0.555000 0.853000 0.131000 0 72 29 87 61 30 6 72 93 79 70 77 87 92 86 26 76 39 17 53 21 84 54 82 75 22 22 86 50 56 9 29 20 46 79 38 31 20 40 71 52 10 93 28 16 27 30 255 31 output 4 22 23 44 | 24 28 35 | 33 15 21 30 2 | 47 14 31 27 26 12 | 46 41 29 6 32 38 39 | 16 18 20 40 45 34 | 8 37 36 11 3 7 | 5 19 13 10 | 42 9 17 25 | 43
0.159000 0.714000 0.134000 0.384000 0.639000 0.051000 0.589000 0.746000 0.143000 0.136000 0.846000 0.967000 0.667000 0.681000 0.781000 0.425000 0.814000 0.015000 0.704000 0.134000 0.477000 0.923000 0.983000 0.763000 0.166000 0.531000 0.248000 0.806000 0.565000 0.828000 0.372000 0.163000 0.059000 0.140000 0.230000 0.792000 0.255000 0.434000 0.876000 0.880000 0.722000 0.277000 0.818000 0.645000 0.926000 0.900000 0.387000 0.981000 0.502000 0.749000 0.155000 0.708000 0.800000 0.738000 0.782000 0.084000 0.341000 0.595000 0.343000 0.551000 0.424000 0.318000 0.516000 0.688000 0.474000 0.706000 0.123000 0.672000 0.914000 0.478000 0.108000 0.290000 0.487000 0.524000 0.125000 0.711000 0.190000 0.543000 0.085000 0.565000 0.999000 0.392000 0.017000 0.990000 0.550000 0.529000 0.496000 0.923000 0.056000 0.094000 0.245000 0.446000 0.647000 0.920000 0 58 86 96 5 66 13 66 24 32 43 93 81 51 2 93 97 55 72 93 73 82 78 48 53 22 53 64 1 44 11 33 56 74 5 65 65 82 60 73 4 81 53 82 82 34 74 281 22 output 39 19 46 13 | 23 12 27 33 | 22 35 41 8 43 37 29 | 11 44 15 4 25 | 3 9 28 10 21 | 42 24 14 18 | 40 2 16 31 30 | 38 34 26 | 36 17 45 5 | 47 6 20 7 32
0.568000 0.246000 0.939000 0.319000 0.536000 0.025000 0.575000 0.737000 0.707000 0.458000 0.890000 0.537000 0.744000 0.757000 0.480000 0.929000 0.871000 0.486000 0.223000 0.062000 0.862000 0.942000 0.152000 0.067000 0.442000 0.940000 0.213000 0.987000 0.658000 0.005000 0.562000 0.938000 0.537000 0.406000 0.329000 0.477000 0.899000 0.559000 0.809000 0.568000 0.647000 0.457000 0.175000 0.274000 0.952000 0.555000 0.500000 0.343000 0.289000 0.882000 0.023000 0.520000 0.058000 0.271000 0.441000 0.525000 0.838000 0.027000 0.930000 0.637000 0.949000 0.373000 0.757000 0.143000 0.241000 0.042000 0.110000 0.664000 0.077000 0.803000 0.677000 0.714000 0.079000 0.770000 0.044000 0.127000 0.152000 0.355000 0.168000 0.079000 0.246000 0.823000 0.363000 0.985000 0.957000 0.179000 0.121000 0.135000 0.209000 0.836000 0.584000 0.257000 0.365000 0.340000 0 11 93 7 18 35 7 82 63 89 43 21 20 67 76 0 7 41 97 68 26 67 29 88 97 28 81 43 81 89 36 20 61 61 96 85 31 51 42 77 78 61 82 20 27 6 66 259 36 output 6 23 19 20 21 | 5 30 11 7 36 4 17 | 32 43 2 31 9 46 | 24 47 | 3 15 29 | 33 10 12 40 | 28 25 41 18 | 22 27 38 44 | 39 26 35 37 34 | 16 8 13 42 14 45
0.685000 0.259000 0.239000 0.996000 0.788000 0.130000 0.536000 0.868000 0.457000 0.209000 0.267000 0.135000 0.251000 0.396000 0.339000 0.529000 0.643000 0.345000 0.731000 0.125000 0.345000 0.315000 0.665000 0.225000 0.644000 0.881000 0.218000 0.833000 0.435000 0.595000 0.082000 0.097000 0.171000 1.000000 0.448000 0.956000 0.838000 0.060000 0.543000 0.426000 0.750000 0.301000 0.912000 0.973000 0.752000 0.765000 0.814000 0.612000 0.058000 0.037000 0.624000 0.307000 0.852000 0.337000 0.705000 0.586000 0.508000 0.889000 0.213000 0.432000 0.452000 0.871000 0.661000 0.737000 0.417000 0.205000 0.821000 0.311000 0.986000 0.398000 0.585000 0.098000 0.974000 0.956000 0.665000 0.024000 0.070000 0.859000 0.648000 0.760000 0.720000 0.268000 0.958000 0.519000 0.059000 0.839000 0.395000 0.685000 0.782000 0.260000 0.436000 0.492000 0.700000 0.740000 0 72 28 25 21 84 19 13 66 47 21 84 40 85 36 30 68 85 52 59 12 47 87 72 54 55 24 55 55 1 66 25 84 60 96 10 57 71 8 79 72 50 34 83 5 63 61 253 24 output 2 17 39 43 30 7 11 5 | 15 44 29 4 13 | 33 16 25 6 | 37 22 23 28 | 41 12 | 26 46 20 9 | 45 34 27 35 42 21 | 36 38 19 3 10 | 31 18 14 8 | 24 47 40 32
0.342000 0.585000 0.431000 0.546000 0.588000 0.727000 0.042000 0.555000 0.129000 0.397000 0.899000 0.689000 0.774000 0.645000 0.805000 0.568000 0.998000 0.671000 0.848000 0.475000 0.331000 0.897000 0.604000 0.291000 0.801000 0.129000 0.047000 0.843000 0.338000 0.277000 0.064000 0.348000 0.465000 0.956000 0.178000 0.375000 0.183000 0.309000 0.516000 0.043000 0.157000 0.823000 0.635000 0.842000 0.942000 0.768000 0.100000 0.327000 0.897000 0.523000 0.719000 0.757000 0.964000 0.300000 0.718000 0.680000 0.502000 0.385000 0.160000 0.559000 0.941000 0.213000 0.035000 0.363000 0.698000 0.615000 0.795000 0.267000 0.956000 0.744000 0.109000 0.215000 0.280000 0.847000 0.529000 0.109000 0.290000 0.324000 0.387000 0.308000 0.538000 0.746000 0.112000 0.293000 0.433000 0.471000 0.849000 0.452000 0.886000 0.444000 0.886000 0.830000 0.722000 0.565000 0 70 29 72 88 56 2 46 96 67 65 83 70 69 4 95 8 42 86 12 18 29 52 67 96 68 5 75 14 75 50 71 93 38 79 50 54 57 68 74 26 14 83 93 53 77 27 279 29 output 33 28 26 3 | 36 42 24 4 30 | 5 16 32 | 38 20 13 34 12 29 | 6 35 23 46 | 41 22 17 11 37 21 14 | 18 19 39 15 40 | 31 27 45 44 10 | 43 2 | 7 9 25 8 47
0.630000 0.521000 0.915000 0.302000 0.528000 0.969000 0.080000 0.622000 0.211000 0.399000 0.676000 0.772000 0.741000 0.773000 0.388000 0.389000 0.448000 0.240000 0.608000 0.620000 0.072000 0.640000 0.595000 0.311000 0.628000 0.747000 0.838000 0.513000 0.017000 0.504000 0.538000 0.722000 0.422000 0.574000 0.629000 0.367000 0.383000 0.115000 0.278000 0.523000 0.789000 0.148000 0.353000 0.771000 0.213000 0.674000 0.657000 0.885000 0.928000 0.724000 0.178000 0.624000 0.615000 0.048000 0.086000 0.200000 0.292000 0.371000 0.288000 0.723000 0.998000 0.458000 0.340000 0.780000 0.089000 0.869000 0.694000 0.036000 0.223000 0.451000 0.963000 0.546000 0.518000 0.109000 0.643000 0.763000 0.321000 0.542000 0.956000 0.219000 0.752000 0.844000 0.830000 0.982000 0.505000 0.557000 0.090000 0.259000 0.255000 0.370000 0.974000 0.157000 0.816000 0.470000 0 61 77 81 31 63 30 23 49 52 38 13 57 83 26 17 61 59 8 93 96 45 37 67 96 94 89 40 67 7 78 44 74 76 49 63 34 31 42 19 14 24 65 98 92 26 85 269 34 output 17 20 29 8 | 7 41 42 24 3 16 | 12 34 27 37 19 9 | 2 40 46 21 18 | 31 36 25 | 22 32 30 23 26 39 | 43 13 38 6 10 | 5 44 28 45 | 33 11 4 15 35 | 47 14
0.369000 0.665000 0.466000 0.634000 0.662000 0.718000 0.988000 0.702000 0.420000 0.754000 0.749000 0.063000 0.793000 0.264000 0.756000 0.797000 0.381000 0.491000 0.356000 0.951000 0.133000 0.132000 0.639000 0.561000 0.996000 0.466000 0.853000 0.553000 0.256000 0.825000 0.693000 0.799000 0.845000 0.847000 0.788000 0.095000 0.890000 0.208000 0.354000 0.494000 0.519000 0.968000 0.186000 0.514000 0.911000 0.991000 0.624000 0.424000 0.539000 0.717000 0.632000 0.521000 0.526000 0.003000 0.280000 0.583000 0.168000 0.491000 0.402000 0.490000 0.106000 0.895000 0.332000 0.020000 0.793000 0.720000 0.422000 0.508000 0.489000 0.018000 0.213000 0.414000 0.683000 0.319000 0.917000 0.169000 0.226000 0.188000 0.140000 0.513000 0.549000 0.656000 0.396000 0.805000 0.207000 0.689000 0.270000 0.044000 0.777000 0.181000 0.754000 0.339000 0.380000 0.345000 0 63 3 66 16 93 20 57 0 89 64 45 12 90 10 65 14 80 22 67 69 95 47 74 84 9 69 29 64 17 60 76 62 5 5 91 73 11 8 91 38 89 41 77 67 96 20 255 26 output 46 7 19 38 45 30 | 14 13 4 33 3 | 24 37 26 12 41 | 21 23 17 8 16 | 9 47 32 44 11 39 | 28 29 36 20 | 34 35 27 6 18 | 22 40 43 | 5 25 2 | 42 10 31 15
0.432000 0.810000 0.358000 0.059000 0.244000 0.528000 0.717000 0.956000 0.637000 0.393000 0.566000 0.826000 0.403000 0.206000 0.503000 0.745000 0.165000 0.543000 0.795000 0.567000 0.675000 0.544000 0.428000 0.091000 0.169000 0.837000 0.727000 0.894000 0.970000 0.852000 0.000000 0.139000 0.493000 0.410000 0.353000 0.704000 0.719000 0.529000 0.884000 0.400000 0.013000 0.389000 0.842000 0.889000 0.669000 0.811000 0.703000 0.144000 0.991000 0.335000 0.260000 0.551000 0.385000 0.786000 0.865000 0.021000 0.681000 0.047000 0.427000 0.219000 0.173000 0.363000 0.525000 0.838000 0.795000 0.677000 0.282000 0.548000 0.586000 0.363000 0.927000 0.574000 0.240000 0.681000 0.351000 0.526000 0.851000 0.293000 0.458000 0.555000 0.283000 0.848000 0.528000 0.967000 0.531000 0.735000 0.746000 0.315000 0.340000 0.686000 0.233000 0.682000 0.662000 0.341000 0 55 92 70 69 18 84 16 29 14 53 29 91 86 86 79 98 98 6 19 87 38 71 5 87 68 4 6 4 9 43 64 26 84 79 49 32 95 1 0 14 45 84 89 44 26 58 251 33 output 47 24 28 29 12 2 7 30 | 6 22 15 33 10 19 11 | 34 3 26 | 31 16 21 9 | 41 13 46 37 27 | 38 45 18 | 36 20 25 39 44 | 8 43 32 42 | 40 17 35 5 | 4 14 23
0.238000 0.310000 0.887000 0.113000 0.199000 0.660000 0.113000 0.301000 0.764000 0.328000 0.739000 0.103000 0.395000 0.105000 0.038000 0.199000 0.747000 0.602000 0.106000 0.860000 0.836000 0.767000 0.213000 0.639000 0.511000 0.492000 0.935000 0.276000 0.590000 0.170000 0.182000 0.855000 0.574000 0.422000 0.785000 0.978000 0.850000 0.936000 0.775000 0.307000 0.456000 0.603000 0.685000 0.649000 0.414000 0.241000 0.083000 0.539000 0.663000 0.962000 0.172000 0.167000 0.458000 0.661000 0.840000 0.162000 0.502000 0.453000 0.688000 0.000000 0.124000 0.530000 0.762000 0.595000 0.006000 0.570000 0.889000 0.879000 0.991000 0.838000 0.065000 0.651000 0.840000 0.719000 0.500000 0.592000 0.499000 0.946000 0.530000 0.637000 0.400000 0.074000 0.586000 0.883000 0.869000 0.832000 0.547000 0.428000 0.328000 0.495000 0.669000 0.452000 0.816000 0.793000 0 3 55 99 99 23 78 87 0 35 37 54 15 87 34 70 21 84 91 22 74 85 48 57 47 55 96 70 52 62 13 52 16 53 61 14 86 60 99 32 55 45 16 94 54 28 75 271 35 output 31 24 33 36 10 16 3 | 15 5 17 44 | 23 7 41 | 19 18 25 42 | 32 37 22 40 | 47 43 34 35 11 9 46 | 4 8 26 | 12 39 27 | 45 21 38 13 29 | 30 6 28 2 14 20
0.475000 0.722000 0.954000 0.597000 0.071000 0.809000 0.630000 0.715000 0.161000 0.547000 0.644000 0.611000 0.438000 0.204000 0.892000 0.537000 0.497000 0.395000 0.173000 0.685000 0.307000 0.951000 0.094000 0.777000 0.531000 0.702000 0.748000 0.449000 0.552000 0.958000 0.091000 0.339000 0.019000 0.473000 0.359000 0.206000 0.507000 0.381000 0.097000 0.506000 0.794000 0.847000 0.338000 0.031000 0.606000 0.269000 0.178000 0.624000 0.283000 0.305000 0.470000 0.906000 0.285000 0.725000 0.601000 0.534000 0.059000 0.204000 0.368000 0.016000 0.647000 0.236000 0.750000 0.838000 0.359000 0.733000 0.011000 0.075000 0.886000 0.505000 0.938000 0.738000 0.894000 0.863000 0.073000 0.033000 0.904000 0.677000 0.163000 0.164000 0.572000 0.055000 0.442000 0.200000 0.802000 0.645000 0.486000 0.148000 0.533000 0.833000 0.174000 0.791000 0.257000 0.668000 0 16 92 69 9 70 96 28 69 91 78 94 66 93 60 25 77 7 86 86 99 40 39 45 27 56 12 20 27 10 69 41 72 82 7 88 95 65 90 50 42 34 76 37 46 80 78 287 34 output 45 15 26 | 18 22 30 41 44 42 7 | 32 39 2 8 35 14 | 10 12 3 | 33 27 46 11 | 13 6 43 4 | 9 19 23 31 28 | 21 37 36 | 25 40 38 34 29 16 5 | 47 24 17 20
0.911000 0.066000 0.095000 0.380000 0.383000 0.756000 0.886000 0.448000 0.494000 0.033000 0.414000 0.090000 0.985000 0.356000 0.488000 0.693000 0.980000 0.354000 0.547000 0.755000 0.129000 0.778000 0.462000 0.243000 0.831000 0.034000 0.405000 0.993000 0.536000 0.704000 0.557000 0.830000 0.696000 0.313000 0.709000 0.072000 0.854000 0.220000 0.083000 0.495000 0.707000 0.353000 0.940000 0.156000 0.818000 0.964000 0.782000 0.987000 0.437000 0.102000 0.008000 0.263000 0.396000 0.231000 0.146000 0.933000 0.104000 0.399000 0.327000 0.974000 0.872000 0.262000 0.292000 0.815000 0.500000 0.196000 0.034000 0.339000 0.539000 0.792000 0.258000 0.937000 0.697000 0.635000 0.365000 0.608000 0.515000 0.459000 0.066000 0.303000 0.009000 0.343000 0.337000 0.163000 0.430000 0.745000 0.420000 0.715000 0.779000 0.383000 0.029000 0.777000 0.059000 0.554000 0 84 25 67 16 38 19 18 71 20 74 92 95 41 29 15 22 53 33 24 75 7 26 66 56 35 40 6 65 36 40 3 63 67 56 22 82 72 19 4 65 54 54 8 76 41 87 225 24 output 22 47 20 41 26 | 7 23 24 16 35 10 17 | 19 31 45 21 | 37 4 9 | 29 2 34 40 | 13 | 12 33 18 | 15 8 44 43 3 38 39 | 27 42 6 25 5 | 14 30 36 28 46 11 32
0.086000 0.947000 0.907000 0.971000 0.602000 0.784000 0.273000 0.141000 0.311000 0.263000 0.094000 0.813000 0.062000 0.131000 0.942000 0.367000 0.015000 0.769000 0.110000 0.404000 0.603000 0.411000 0.095000 0.597000 0.263000 0.246000 0.711000 0.772000 0.751000 0.364000 0.084000 0.085000 0.434000 0.782000 0.118000 0.126000 0.401000 0.087000 0.075000 0.943000 0.059000 0.594000 0.613000 0.106000 0.981000 0.479000 0.345000 0.332000 0.742000 0.468000 0.655000 0.949000 0.036000 0.819000 0.813000 0.969000 0.072000 0.100000 0.783000 0.478000 0.077000 0.709000 0.817000 0.233000 0.939000 0.500000 0.454000 0.095000 0.245000 0.962000 0.411000 0.949000 0.586000 0.179000 0.614000 0.723000 0.664000 0.541000 0.217000 0.429000 0.797000 0.656000 0.702000 0.375000 0.470000 0.835000 0.224000 0.026000 0.899000 0.909000 0.745000 0.439000 0.717000 0.298000 0 68 52 98 5 80 77 78 98 87 42 30 81 48 90 37 73 97 80 85 38 10 53 54 37 77 62 31 4 90 97 22 33 87 99 28 77 14 62 50 67 43 97 67 1 38 74 296 32 output 18 44 16 29 7 | 35 43 17 | 38 33 23 8 32 22 37 | 10 13 5 24 40 | 31 21 9 27 | 11 42 47 15 46 | 20 6 | 34 19 4 12 | 26 28 2 45 14 3 | 36 41 30 25 39
0.879000 0.123000 0.847000 0.034000 0.029000 0.028000 0.571000 0.111000 0.666000 0.502000 0.073000 0.630000 0.032000 0.054000 0.467000 0.877000 0.487000 0.559000 0.593000 0.754000 0.342000 0.851000 0.959000 0.785000 0.207000 0.277000 0.920000 0.862000 0.548000 0.224000 0.300000 0.525000 0.024000 0.171000 0.371000 0.732000 0.384000 0.981000 0.381000 0.520000 0.923000 0.647000 0.384000 0.460000 0.341000 0.645000 0.269000 0.256000 0.783000 0.539000 0.017000 0.774000 0.807000 0.568000 0.099000 0.597000 0.362000 0.884000 0.424000 0.327000 0.295000 0.008000 0.500000 0.713000 0.792000 0.794000 0.675000 0.860000 0.551000 0.081000 0.936000 0.459000 0.762000 0.840000 0.593000 0.926000 0.681000 0.231000 0.065000 0.662000 0.355000 0.319000 0.772000 0.308000 0.301000 0.191000 0.755000 0.060000 0.650000 0.623000 0.626000 0.680000 0.679000 0.087000 0 4 42 49 81 33 18 7 85 49 29 38 49 50 77 1 82 57 62 21 2 87 48 6 40 22 76 20 12 53 41 72 49 79 20 24 18 6 71 23 66 65 25 80 4 78 40 214 29 output 24 13 28 6 40 26 18 | 36 21 12 14 37 34 | 33 38 8 19 29 11 23 16 | 22 20 9 | 4 35 47 44 2 | 27 25 5 | 30 41 15 | 43 17 7 3 31 | 32 10 46 45 | 42 39
0.499000 0.621000 0.635000 0.748000 0.323000 0.135000 0.651000 0.619000 0.475000 0.107000 0.119000 0.957000 0.021000 0.674000 0.594000 0.893000 0.701000 0.659000 0.475000 0.232000 0.835000 0.825000 0.846000 0.105000 0.778000 0.554000 0.792000 0.813000 0.810000 0.010000 0.229000 0.992000 0.917000 0.156000 0.501000 0.320000 0.560000 0.353000 0.948000 0.357000 0.879000 0.652000 0.413000 0.310000 0.905000 0.489000 0.349000 0.256000 0.490000 0.278000 0.769000 0.231000 0.569000 0.233000 0.750000 0.303000 0.211000 0.702000 0.014000 0.861000 0.094000 0.802000 0.452000 0.458000 0.028000 0.013000 0.197000 0.817000 0.628000 0.458000 0.411000 0.513000 0.324000 0.904000 0.212000 0.502000 0.719000 0.758000 0.857000 0.377000 0.790000 0.296000 0.385000 0.481000 0.892000 0.395000 0.627000 0.612000 0.082000 0.495000 0.560000 0.782000 0.556000 0.498000 0 41 27 72 95 95 23 42 23 91 69 38 96 4 89 18 59 70 3 33 89 36 20 77 47 0 78 8 70 75 88 17 85 17 42 24 24 57 66 7 56 44 61 99 10 87 47 253 19 output 44 4 47 | 29 31 7 45 38 | 35 19 27 25 18 | 9 21 11 14 39 | 40 43 20 23 13 | 2 8 46 | 41 17 12 15 26 28 | 37 16 6 30 34 | 42 33 3 24 32 | 10 5 22 36
0.655000 0.320000 0.190000 0.986000 0.232000 0.689000 0.963000 0.860000 0.690000 0.026000 0.727000 0.143000 0.082000 0.021000 0.334000 0.966000 0.387000 0.617000 0.203000 0.499000 0.897000 0.501000 0.933000 0.358000 0.203000 0.364000 0.571000 0.462000 0.470000 0.784000 0.052000 0.162000 0.543000 0.420000 0.234000 0.579000 0.288000 0.304000 0.129000 0.504000 0.471000 0.063000 0.095000 0.825000 0.395000 0.998000 0.867000 0.983000 0.010000 0.442000 0.490000 0.439000 0.320000 0.530000 0.548000 0.901000 0.787000 0.292000 0.244000 0.883000 0.866000 0.461000 0.056000 0.357000 0.743000 0.734000 0.065000 0.054000 0.452000 0.279000 0.399000 0.643000 0.665000 0.572000 0.224000 0.045000 0.292000 0.604000 0.744000 0.545000 0.836000 0.889000 0.444000 0.894000 0.357000 0.273000 0.320000 0.340000 0.097000 0.683000 0.575000 0.021000 0.266000 0.687000 0 59 84 83 92 16 45 19 63 90 66 94 63 54 60 9 3 29 43 0 79 37 72 89 84 93 2 33 18 21 79 56 46 50 1 0 70 93 56 26 89 23 74 10 59 46 70 256 19 output 32 25 20 45 39 | 38 7 34 16 19 44 | 40 4 24 33 | 21 46 5 6 29 | 36 22 30 2 8 23 42 | 15 28 41 37 | 12 11 31 | 27 18 3 47 9 17 | 26 14 | 35 43 13 10
0.812000 0.679000 0.029000 0.508000 0.131000 0.407000 0.103000 0.995000 0.884000 0.155000 0.435000 0.008000 0.195000 0.857000 0.733000 0.200000 0.078000 0.666000 0.533000 0.825000 0.087000 0.340000 0.795000 0.887000 0.119000 0.366000 0.617000 0.973000 0.169000 0.662000 0.911000 0.197000 0.949000 0.564000 0.136000 0.336000 0.502000 0.462000 0.757000 0.920000 0.678000 0.349000 0.579000 0.630000 0.231000 0.036000 0.867000 0.876000 0.702000 0.302000 0.722000 0.437000 0.255000 0.736000 0.469000 0.996000 0.928000 0.897000 0.155000 0.338000 0.308000 0.203000 0.040000 0.636000 0.768000 0.965000 0.145000 0.321000 0.665000 0.290000 0.238000 0.191000 0.248000 0.491000 0.833000 0.350000 0.044000 0.968000 0.732000 0.766000 0.803000 0.734000 0.975000 0.566000 0.055000 0.987000 0.124000 0.218000 0.104000 0.029000 0.533000 0.258000 0.467000 0.044000 0.068000 0.785000 0.724000 0.238000 0.020000 0.068000 0.797000 0.033000 0 14 37 63 17 62 80 80 55 96 11 26 58 65 82 25 85 97 99 38 68 97 7 19 55 91 83 43 75 6 36 13 33 46 9 11 87 75 60 29 56 60 54 47 78 4 79 42 15 50 25 255 33 output 35 47 6 19 | 42 17 | 26 21 25 | 28 7 48 27 | 14 4 43 39 | 24 29 33 20 12 41 | 31 36 44 50 45 23 46 | 30 34 18 11 13 3 | 40 10 22 | 37 2 32 9 15 | 49 8 51 5 16 38
0.049000 0.929000 0.239000 0.938000 0.637000 0.994000 0.681000 0.283000 0.307000 0.250000 0.990000 0.038000 0.755000 0.518000 0.420000 0.277000 0.361000 0.615000 0.346000 0.677000 0.956000 0.934000 0.214000 0.291000 0.637000 0.726000 0.941000 0.236000 0.098000 0.055000 0.327000 0.185000 0.273000 0.735000 0.729000 0.955000 0.738000 0.244000 0.653000 0.661000 0.367000 0.991000 0.385000 0.839000 0.897000 0.039000 0.632000 0.153000 0.340000 0.872000 0.399000 0.992000 0.009000 0.819000 0.626000 0.165000 0.279000 0.832000 0.068000 0.700000 0.793000 0.120000 0.853000 0.685000 0.296000 0.619000 0.669000 0.907000 0.756000 0.241000 0.395000 0.909000 0.729000 0.120000 0.944000 0.393000 0.064000 0.035000 0.733000 0.990000 0.670000 0.706000 0.896000 0.640000 0.980000 0.187000 0.444000 0.207000 0.557000 0.717000 0.462000 0.729000 0.726000 0.773000 0.080000 0.237000 0.191000 0.565000 0.110000 0.127000 0.492000 0.972000 0 81 22 79 63 66 50 22 6 93 54 93 56 83 69 53 81 53 7 91 32 0 13 2 62 46 89 92 10 39 5 68 17 78 59 46 42 29 34 82 37 92 58 22 98 2 23 24 9 50 6 239 23 output 30 48 39 15 50 | 41 20 45 29 | 12 16 5 49 | 27 | 25 10 17 | 33 8 44 28 4 9 | 3 40 18 34 | 22 47 32 42 13 | 19 35 14 38 11 51 | 21 26 36 2 | 24 37 31 23 6 43 7 46
0.819000 0.249000 0.883000 0.351000 0.369000 0.557000 0.322000 0.652000 0.742000 0.095000 0.642000 0.142000 0.906000 0.274000 0.631000 0.438000 0.200000 0.434000 0.231000 0.492000 0.506000 0.173000 0.806000 0.511000 0.399000 0.215000 0.411000 0.206000 0.844000 0.803000 0.047000 0.861000 0.333000 0.840000 0.597000 0.498000 0.384000 0.869000 0.581000 0.204000 0.425000 0.325000 0.277000 0.632000 0.804000 0.277000 0.973000 0.983000 0.850000 0.477000 0.266000 0.935000 0.073000 0.351000 0.242000 0.615000 0.805000 0.135000 0.074000 0.784000 0.950000 0.097000 0.936000 0.387000 0.218000 0.271000 0.944000 0.736000 0.802000 0.441000 0.612000 0.357000 0.371000 0.099000 0.361000 0.172000 0.251000 0.386000 0.454000 0.695000 0.353000 0.035000 0.801000 0.198000 0.321000 0.913000 0.200000 0.192000 0.625000 0.158000 0.605000 0.720000 0.222000 0.176000 0.121000 0.991000 0.902000 0.198000 0.569000 0.213000 0.516000 0.716000 0 9 75 10 81 15 7 42 6 53 24 89 96 11 9 52 1 10 21 63 57 92 51 30 55 39 16 56 41 0 16 82 49 87 59 18 79 45 99 91 67 33 99 58 23 46 88 19 40 31 34 228 31 output 7 2 46 51 19 40 18 | 50 11 13 21 36 | 45 38 47 44 14 | 17 43 26 48 16 30 4 | 42 5 29 31 49 | 28 22 3 | 32 25 12 | 8 15 24 34 35 | 6 41 37 20 | 23 | 39 10 9 27 33
0.600000 0.509000 0.366000 0.921000 0.438000 0.072000 0.100000 0.426000 0.316000 0.116000 0.522000 0.754000 0.893000 0.718000 0.123000 0.676000 0.687000 0.051000 0.336000 0.090000 0.234000 0.465000 0.953000 0.069000 0.742000 0.515000 0.650000 0.226000 0.717000 0.809000 0.180000 0.380000 0.086000 0.158000 0.068000 0.539000 0.537000 0.758000 0.606000 0.686000 0.216000 0.799000 0.373000 0.922000 0.984000 0.859000 0.130000 0.139000 0.459000 0.420000 0.942000 0.883000 0.571000 0.432000 0.500000 0.740000 0.473000 0.758000 0.135000 0.225000 0.629000 0.729000 0.471000 0.837000 0.588000 0.435000 0.658000 0.241000 0.406000 0.551000 0.872000 0.566000 0.974000 0.181000 0.173000 0.470000 0.091000 0.369000 0.608000 0.854000 0.176000 0.570000 0.859000 0.172000 0.497000 0.772000 0.525000 0.095000 0.637000 0.700000 0.861000 0.678000 0.920000 0.856000 0.118000 0.706000 0.896000 0.698000 0.696000 0.547000 0.216000 0.854000 0 87 80 67 0 31 83 74 51 16 64 60 27 73 61 47 41 35 85 42 23 33 89 94 32 42 41 17 60 90 61 25 10 82 62 5 32 50 35 16 18 24 85 58 29 57 41 57 35 82 46 246 28 output 46 7 49 36 13 | 14 9 12 37 42 | 10 5 24 17 30 | 19 40 31 45 20 | 23 26 47 15 | 35 29 43 28 | 6 32 22 2 51 21 | 11 4 39 16 25 | 34 44 3 33 | 38 18 48 8 41 | 27 50
0.237000 0.901000 0.990000 0.326000 0.058000 0.980000 0.859000 0.843000 0.265000 0.368000 0.676000 0.537000 0.092000 0.548000 0.994000 0.046000 0.111000 0.250000 0.849000 0.974000 0.631000 0.546000 0.852000 0.141000 0.860000 0.487000 0.948000 0.720000 0.576000 0.072000 0.501000 0.809000 0.895000 0.502000 0.921000 0.275000 0.810000 0.363000 0.733000 0.416000 0.609000 0.290000 0.073000 0.092000 0.945000 0.422000 0.030000 0.364000 0.878000 0.854000 0.137000 0.779000 0.149000 0.415000 0.229000 0.617000 0.208000 0.944000 0.636000 0.198000 0.722000 0.332000 0.512000 0.497000 0.637000 0.117000 0.417000 0.679000 0.705000 0.482000 0.487000 0.353000 0.482000 0.210000 0.859000 0.613000 0.485000 0.392000 0.457000 0.579000 0.720000 0.793000 0.188000 0.738000 0.670000 0.154000 0.577000 0.904000 0.477000 0.647000 0.213000 0.459000 0.566000 0.144000 0.869000 0.111000 0.412000 0.683000 0.348000 0.450000 0.459000 0.503000 0 97 16 87 96 45 13 84 91 93 35 53 59 93 31 19 65 31 42 87 29 33 40 65 92 86 58 93 12 81 6 27 48 69 67 14 71 33 20 93 90 62 94 18 97 63 97 4 4 62 93 286 30 output 17 23 18 8 48 12 31 | 15 33 43 30 21 | 28 46 5 | 4 25 10 | 44 41 14 38 16 | 50 37 47 36 39 | 20 19 2 13 | 29 3 26 42 | 45 40 34 49 | 7 24 22 9 27 | 11 6 35 32 51
0.750000 0.918000 0.177000 0.800000 0.769000 0.007000 0.962000 0.657000 0.281000 0.296000 0.295000 0.894000 0.538000 0.148000 0.110000 0.135000 0.873000 0.488000 0.807000 0.753000 0.228000 0.819000 0.875000 0.569000 0.100000 0.423000 0.051000 0.401000 0.371000 0.346000 0.491000 0.614000 0.734000 0.569000 0.371000 0.205000 0.717000 0.632000 0.265000 0.907000 0.314000 0.408000 0.944000 0.106000 0.553000 0.511000 0.655000 0.267000 0.829000 0.571000 0.582000 0.990000 0.965000 0.997000 0.587000 0.125000 0.695000 0.592000 0.056000 0.849000 0.486000 0.953000 0.738000 0.185000 0.374000 0.818000 0.874000 0.937000 0.733000 0.172000 0.958000 0.114000 0.019000 0.555000 0.835000 0.873000 0.778000 0.727000 0.489000 0.219000 0.522000 0.965000 0.984000 0.757000 0.445000 0.412000 0.548000 0.474000 0.706000 0.206000 0.276000 0.039000 0.444000 0.892000 0.734000 0.695000 0.869000 0.787000 0.362000 0.342000 0.520000 0.335000 0 80 41 86 75 40 68 72 85 91 97 70 1 2 83 87 74 76 98 93 75 40 53 73 76 47 87 10 40 72 92 66 0 83 88 2 34 52 51 7 2 96 21 77 34 11 81 18 63 1 86 286 33 output 48 19 17 10 | 49 4 42 | 27 34 38 | 23 44 16 | 29 24 28 7 40 51 | 6 20 30 2 33 | 11 37 14 13 5 21 | 43 15 50 8 46 18 | 36 22 3 35 32 45 | 47 31 41 26 | 39 25 9 12
0.621000 0.375000 0.104000 0.580000 0.632000 0.405000 0.707000 0.095000 0.621000 0.922000 0.710000 0.940000 0.856000 0.613000 0.052000 0.616000 0.884000 0.125000 0.775000 0.261000 0.174000 0.990000 0.907000 0.614000 0.823000 0.323000 0.900000 0.421000 0.057000 0.375000 0.895000 0.805000 0.224000 0.437000 0.606000 0.274000 0.361000 0.081000 0.405000 0.577000 0.090000 0.042000 0.773000 0.218000 0.795000 0.665000 0.888000 0.210000 0.437000 0.782000 0.225000 0.736000 0.498000 0.118000 0.344000 0.673000 0.764000 0.907000 0.360000 0.106000 0.868000 0.517000 0.816000 0.483000 0.109000 0.257000 0.078000 0.959000 0.369000 0.566000 0.987000 0.502000 0.166000 0.710000 0.920000 0.809000 0.982000 0.886000 0.436000 0.019000 0.956000 0.350000 0.172000 0.847000 0.527000 0.575000 0.286000 0.443000 0.186000 0.853000 0.987000 0.677000 0.493000 0.353000 0.632000 0.068000 0.100000 0.085000 0.153000 0.732000 0.264000 0.999000 0 55 35 45 49 77 27 2 29 18 75 52 97 88 95 65 98 22 80 86 10 72 24 83 53 82 13 36 36 58 6 97 47 64 6 57 50 92 31 89 81 96 49 96 25 16 27 5 49 71 2 262 29 output 46 39 29 6 5 25 | 28 26 50 37 35 | 18 27 40 19 30 | 44 17 47 | 23 16 38 12 7 | 41 13 | 20 43 3 | 45 42 34 11 51 | 32 31 36 14 | 21 49 33 15 8 2 | 48 4 9 24 22 10
0.806000 0.017000 0.040000 0.814000 0.243000 0.051000 0.671000 0.148000 0.828000 0.937000 0.532000 0.961000 0.924000 0.970000 0.166000 0.032000 0.389000 0.239000 0.433000 0.059000 0.973000 0.765000 0.248000 0.662000 0.266000 0.969000 0.177000 0.209000 0.005000 0.463000 0.719000 0.296000 0.215000 0.478000 0.519000 0.029000 0.119000 0.522000 0.879000 0.884000 0.909000 0.625000 0.088000 0.850000 0.721000 0.603000 0.410000 0.739000 0.369000 0.236000 0.875000 0.781000 0.465000 0.342000 0.585000 0.826000 0.846000 0.476000 0.794000 0.367000 0.104000 0.520000 0.038000 0.015000 0.782000 0.174000 0.990000 0.338000 0.954000 0.219000 0.052000 0.008000 0.984000 0.675000 0.165000 0.792000 0.085000 0.183000 0.201000 0.532000 0.561000 0.123000 0.738000 0.463000 0.213000 0.353000 0.791000 0.444000 0.855000 0.524000 0.943000 0.547000 0.849000 0.052000 0.292000 0.286000 0.170000 0.542000 0.319000 0.518000 0.058000 0.534000 0 94 72 72 74 91 98 10 84 18 68 36 41 31 26 17 8 26 74 83 34 26 83 70 35 16 33 60 59 0 64 90 16 76 48 72 36 82 75 99 48 41 27 36 82 57 55 90 20 4 36 260 29 output 17 19 49 40 50 27 | 38 2 22 13 16 | 18 10 48 25 9 | 41 4 33 34 35 | 47 | 46 21 37 11 26 42 | 29 45 23 44 30 | 3 8 32 36 | 12 24 6 28 | 20 7 5 | 14 39 15 51 31 43
0.441000 0.761000 0.799000 0.779000 0.642000 0.355000 0.350000 0.715000 0.447000 0.403000 0.066000 0.723000 0.412000 0.864000 0.946000 0.494000 0.256000 0.994000 0.694000 0.688000 0.362000 0.182000 0.904000 0.129000 0.536000 0.150000 0.105000 0.344000 0.694000 0.305000 0.225000 0.498000 0.058000 0.986000 0.250000 0.430000 0.317000 0.959000 0.215000 0.677000 0.827000 0.405000 0.206000 0.429000 0.270000 0.563000 0.191000 0.605000 0.352000 0.829000 0.881000 0.629000 0.700000 0.114000 0.267000 0.477000 0.895000 0.550000 0.843000 0.014000 0.583000 0.938000 0.303000 0.606000 0.593000 0.909000 0.680000 0.730000 0.317000 0.843000 0.339000 0.927000 0.836000 0.882000 0.490000 0.763000 0.812000 0.361000 0.760000 0.925000 0.814000 0.246000 0.022000 0.925000 0.481000 0.881000 0.945000 0.307000 0.888000 0.147000 0.971000 0.319000 0.410000 0.807000 0.473000 0.126000 0.298000 0.090000 0.359000 0.487000 0.069000 0.997000 0 91 87 82 95 11 90 5 5 36 63 70 19 40 55 11 75 49 42 28 52 84 26 66 34 5 81 49 56 30 52 36 71 73 36 42 78 87 8 10 83 29 28 33 45 24 26 68 80 62 64 248 21 output 21 44 46 8 29 26 34 | 23 16 28 50 5 | 10 2 37 40 | 45 12 30 27 13 | 43 31 33 38 | 3 15 41 39 | 20 6 42 17 51 9 47 | 4 | 48 49 11 32 | 24 14 22 18 | 7 36 19 35 25
0.779000 0.666000 0.026000 0.579000 0.908000 0.474000 0.553000 0.807000 0.314000 0.723000 0.633000 0.526000 0.276000 0.355000 0.436000 0.772000 0.430000 0.300000 0.548000 0.562000 0.561000 0.078000 0.415000 0.966000 0.503000 0.356000 0.046000 0.233000 0.117000 0.947000 0.821000 0.453000 0.735000 0.297000 0.972000 0.715000 0.553000 0.138000 0.687000 0.877000 0.859000 0.108000 0.379000 0.742000 0.029000 0.525000 0.682000 0.651000 0.187000 0.552000 0.246000 0.000000 0.528000 0.487000 0.961000 0.498000 0.002000 0.503000 0.437000 0.202000 0.299000 0.065000 0.905000 0.648000 0.994000 0.973000 0.010000 0.691000 0.617000 0.862000 0.469000 0.271000 0.278000 0.009000 0.100000 0.622000 0.789000 0.694000 0.061000 0.943000 0.925000 0.531000 0.093000 0.160000 0.155000 0.905000 0.859000 0.617000 0.625000 0.543000 0.966000 0.532000 0.984000 0.763000 0.819000 0.629000 0.336000 0.969000 0.793000 0.828000 0.970000 0.192000 0 13 27 48 12 42 66 68 4 38 69 18 39 21 69 77 67 89 2 97 10 25 96 23 32 46 19 6 92 29 16 91 1 97 71 54 78 27 93 44 63 56 76 15 64 66 24 50 89 16 79 242 39 output 12 49 43 5 22 | 8 10 27 6 45 | 20 35 4 24 | 30 31 26 37 11 19 | 7 14 42 9 36 13 | 2 29 23 25 | 17 21 51 16 | 48 44 41 46 28 3 | 38 34 40 15 | 32 18 47 33 50 | 39
0.847000 0.074000 0.237000 0.541000 0.046000 0.351000 0.824000 0.169000 0.947000 0.912000 0.780000 0.254000 0.874000 0.989000 0.366000 0.357000 0.914000 0.093000 0.365000 0.186000 0.394000 0.734000 0.746000 0.571000 0.463000 0.149000 0.618000 0.852000 0.009000 0.238000 0.481000 0.207000 0.748000 0.023000 0.662000 0.096000 0.037000 0.067000 0.375000 0.543000 0.631000 0.590000 0.132000 0.909000 0.064000 0.763000 0.711000 0.124000 0.542000 0.550000 0.878000 0.057000 0.764000 0.408000 0.443000 0.568000 0.593000 0.279000 0.319000 0.202000 0.688000 0.665000 0.054000 0.687000 0.431000 0.056000 0.448000 0.690000 0.839000 0.975000 0.306000 0.299000 0.239000 0.717000 0.087000 0.361000 0.096000 0.801000 0.033000 0.428000 0.142000 0.154000 0.617000 0.068000 0.599000 0.516000 0.066000 0.031000 0.674000 0.641000 0.009000 0.327000 0.393000 0.409000 0.690000 0.936000 0.622000 0.769000 0.898000 0.254000 0.656000 0.101000 0 23 57 58 61 36 78 25 9 69 52 3 35 98 13 29 61 36 68 0 12 79 52 82 85 3 84 34 43 73 90 39 82 83 91 98 58 68 52 16 61 25 16 89 83 65 65 5 0 14 14 248 34 output 8 38 40 3 46 15 | 16 41 19 44 | 48 35 7 5 9 26 | 36 30 10 | 27 29 13 33 | 6 43 45 31 12 50 | 24 18 51 42 17 | 47 37 28 25 | 20 22 39 23 32 2 | 21 49 14 11 34 | 4
0.941000 0.207000 0.896000 0.505000 0.279000 0.384000 0.921000 0.469000 0.697000 0.486000 0.995000 0.211000 0.976000 0.980000 0.322000 0.145000 0.554000 0.178000 0.595000 0.033000 0.137000 0.628000 0.385000 0.172000 0.736000 0.937000 0.780000 0.752000 0.195000 0.979000 0.243000 0.094000 0.630000 0.612000 0.691000 0.139000 0.070000 0.827000 0.252000 0.043000 0.381000 0.146000 0.076000 0.711000 0.333000 0.855000 0.545000 0.159000 0.609000 0.448000 0.222000 0.986000 0.994000 0.501000 0.156000 0.840000 0.621000 0.167000 0.701000 0.716000 0.924000 0.234000 0.361000 0.944000 0.136000 0.874000 0.380000 0.661000 0.054000 0.865000 0.936000 0.716000 0.384000 0.664000 0.484000 0.269000 0.528000 0.266000 0.626000 0.060000 0.929000 0.356000 0.770000 0.364000 0.428000 0.832000 0.244000 0.483000 0.244000 0.690000 0.733000 0.780000 0.516000 0.860000 0.464000 0.088000 0.356000 0.548000 0.526000 0.397000 0.747000 0.228000 0 19 11 23 32 53 57 7 37 57 18 27 72 31 25 27 17 47 9 57 83 58 6 36 0 37 28 25 40 85 14 9 87 54 80 1 59 4 75 17 82 35 47 27 54 81 2 94 6 8 31 190 34 output 17 43 23 33 28 | 30 46 2 | 27 36 7 13 14 | 31 41 51 18 | 50 49 45 22 11 44 3 38 | 5 37 34 42 | 8 16 20 48 | 29 9 24 10 40 | 21 12 39 | 4 47 32 26 15 35 19 25 | 6
0.930000 0.364000 0.603000 0.093000 0.982000 0.089000 0.074000 0.274000 0.494000 0.018000 0.646000 0.142000 0.038000 0.812000 0.704000 0.786000 0.422000 0.045000 0.083000 0.009000 0.350000 0.125000 0.464000 0.524000 0.100000 0.529000 0.707000 0.900000 0.236000 0.943000 0.211000 0.215000 0.396000 0.594000 0.421000 0.465000 0.428000 0.932000 0.200000 0.428000 0.518000 0.228000 0.009000 0.652000 0.167000 0.657000 0.126000 0.197000 0.031000 0.309000 0.081000 0.660000 0.960000 0.303000 0.181000 0.084000 0.043000 0.878000 0.426000 0.683000 0.736000 0.632000 0.393000 0.173000 0.522000 0.918000 0.099000 0.755000 0.086000 0.270000 0.247000 0.557000 0.028000 0.719000 0.289000 0.119000 0.133000 0.580000 0.237000 0.702000 0.406000 0.836000 0.006000 0.650000 0.490000 0.249000 0.370000 0.905000 0.899000 0.082000 0.065000 0.674000 0.334000 0.914000 0.549000 0.074000 0.155000 0.981000 0.911000 0.617000 0.948000 0.552000 0 84 19 77 93 4 76 97 44 71 16 12 11 3 48 4 23 79 88 56 25 60 83 32 48 96 66 71 87 18 50 98 22 87 15 31 45 61 79 75 55 65 53 99 10 25 17 43 32 25 67 255 39 output 18 32 43 21 | 17 23 40 41 | 34 37 46 26 | 13 42 22 39 36 | 31 8 50 51 | 3 45 5 48 2 6 | 30 47 44 19 33 14 | 20 25 4 35 24 16 11 | 12 7 29 49 15 | 9 10 28 38 | 27
0.035000 0.083000 0.864000 0.884000 0.604000 0.404000 0.348000 0.172000 0.823000 0.977000 0.119000 0.775000 0.960000 0.919000 0.251000 0.987000 0.748000 0.491000 0.815000 0.622000 0.863000 0.023000 0.139000 0.339000 0.783000 0.813000 0.938000 0.306000 0.393000 0.194000 0.836000 0.824000 0.774000 0.673000 0.739000 0.028000 0.160000 0.476000 0.354000 0.583000 0.177000 0.376000 0.098000 0.657000 0.674000 0.538000 0.936000 0.081000 0.819000 0.028000 0.287000 0.957000 0.766000 0.604000 0.829000 0.575000 0.809000 0.344000 0.500000 0.157000 0.078000 0.081000 0.638000 0.230000 0.263000 0.512000 0.186000 0.968000 0.782000 0.678000 0.358000 0.294000 0.959000 0.942000 0.377000 0.840000 0.038000 0.615000 0.613000 0.423000 0.219000 0.781000 0.471000 0.679000 0.246000 0.419000 0.259000 0.538000 0.039000 0.779000 0.020000 0.458000 0.223000 0.171000 0.385000 0.934000 0.885000 0.198000 0.777000 0.985000 0.584000 0.281000 0 37 75 90 85 94 79 96 18 27 23 37 37 5 60 58 17 1 18 54 17 99 76 47 14 85 46 86 62 9 59 8 41 64 24 1 76 76 7 38 54 15 55 77 26 60 41 60 1 10 82 233 33 output 12 40 3 51 | 17 35 7 37 13 | 19 41 8 34 | 39 45 6 22 | 42 50 5 2 16 10 | 33 20 44 46 | 26 48 38 | 18 25 11 24 49 14 29 32 30 15 | 9 28 27 23 36 | 21 43 4 47 | 31
0.895000 0.464000 0.519000 0.246000 0.492000 0.573000 0.797000 0.673000 0.508000 0.005000 0.598000 0.465000 0.154000 0.166000 0.950000 0.792000 0.859000 0.440000 0.373000 0.813000 0.535000 0.267000 0.655000 0.687000 0.086000 0.215000 0.281000 0.722000 0.116000 0.934000 0.370000 0.306000 0.228000 0.966000 0.488000 0.745000 0.961000 0.841000 0.353000 0.375000 0.939000 0.242000 0.366000 0.182000 0.744000 0.545000 0.881000 0.362000 0.480000 0.873000 0.607000 0.065000 0.085000 0.745000 0.605000 0.056000 0.023000 0.825000 0.946000 0.837000 0.466000 0.336000 0.279000 0.173000 0.394000 0.714000 0.196000 0.842000 0.452000 0.559000 0.381000 0.380000 0.440000 0.800000 0.559000 0.064000 0.221000 0.041000 0.949000 0.980000 0.803000 0.532000 0.235000 0.186000 0.162000 0.242000 0.257000 0.945000 0.332000 0.873000 0.269000 0.351000 0.201000 0.758000 0.812000 0.039000 0.041000 0.906000 0.392000 0.216000 0.861000 0.046000 0 19 50 77 50 6 19 31 25 5 9 74 99 72 32 51 27 73 34 94 99 99 5 66 53 72 76 38 38 80 61 54 26 50 37 83 30 17 25 67 6 83 36 83 5 73 47 89 99 9 28 249 21 output 51 48 28 26 | 50 22 32 42 | 3 35 46 16 2 11 | 38 5 39 7 13 43 | 41 18 33 14 10 25 | 8 19 40 30 | 37 45 44 17 34 47 23 | 9 24 21 | 6 36 20 31 | 12 4 | 27 29 49 15
0.369000 0.592000 0.500000 0.647000 0.805000 0.852000 0.750000 0.166000 0.845000 0.756000 0.081000 0.085000 0.612000 0.848000 0.837000 0.382000 0.295000 0.511000 0.192000 0.038000 0.596000 0.700000 0.240000 0.030000 0.892000 0.657000 0.644000 0.415000 0.334000 0.623000 0.811000 0.391000 0.365000 0.565000 0.509000 0.935000 0.110000 0.761000 0.511000 0.070000 0.891000 0.371000 0.024000 0.681000 0.721000 0.845000 0.269000 0.023000 0.377000 0.418000 0.793000 0.070000 0.905000 0.368000 0.871000 0.112000 0.574000 0.214000 0.854000 0.423000 0.807000 0.062000 0.617000 0.574000 0.110000 0.776000 0.023000 0.127000 0.726000 0.822000 0.950000 0.535000 0.129000 0.115000 0.207000 0.926000 0.315000 0.671000 0.209000 0.442000 0.182000 0.643000 0.655000 0.175000 0.741000 0.202000 1.000000 0.939000 0.556000 0.522000 0.587000 0.539000 0.256000 0.342000 0.655000 0.910000 0.468000 0.274000 0.420000 0.340000 0.127000 0.552000 0 73 68 5 82 87 87 34 80 55 50 47 94 92 72 63 81 8 71 83 44 68 7 75 62 48 43 27 54 62 76 82 72 41 59 43 75 98 99 70 96 13 80 29 78 98 27 65 95 99 82 320 35 output 18 48 23 35 3 44 5 | 38 33 19 22 | 45 46 14 | 10 12 24 20 29 | 9 51 41 | 42 43 4 26 31 28 16 | 49 50 25 | 39 15 17 | 2 7 11 32 | 40 34 6 37 47 | 30 8 21 27 36 13
0.637000 0.801000 0.539000 0.931000 0.244000 0.996000 0.815000 0.225000 0.570000 0.741000 0.689000 0.757000 0.565000 0.721000 0.275000 0.448000 0.447000 0.055000 0.292000 0.441000 0.926000 0.288000 0.549000 0.355000 0.730000 0.106000 0.678000 0.281000 0.433000 0.823000 0.808000 0.462000 0.500000 0.084000 0.696000 0.586000 0.848000 0.759000 0.666000 0.558000 0.369000 0.019000 0.346000 0.680000 0.639000 0.313000 0.840000 0.125000 0.489000 0.753000 0.193000 0.568000 0.265000 0.816000 0.299000 0.854000 0.404000 0.439000 0.354000 0.926000 0.056000 0.759000 0.796000 0.677000 0 98 38 60 54 68 96 91 42 58 79 76 71 52 38 34 79 31 32 21 87 84 10 50 4 61 40 13 27 91 75 9 270 25 output 13 24 4 11 | 15 2 | 6 7 5 | 29 8 26 22 25 | 17 9 21 10 | 30 3 31 27 28 | 18 20 12 23 14 16 32 19
0.228000 0.619000 0.113000 0.400000 0.234000 0.320000 0.469000 0.024000 0.270000 0.202000 0.691000 0.783000 0.736000 0.248000 0.668000 0.864000 0.902000 0.230000 0.793000 0.924000 0.865000 0.498000 0.248000 0.278000 0.128000 0.615000 0.578000 0.521000 0.763000 0.145000 0.763000 0.432000 0.664000 0.723000 0.656000 0.811000 0.909000 0.486000 0.314000 0.751000 0.962000 0.404000 0.591000 0.477000 0.695000 0.980000 0.772000 0.659000 0.247000 0.688000 0.920000 0.868000 0.117000 0.930000 0.271000 0.095000 0.466000 0.235000 0.884000 0.770000 0.502000 0.036000 0.547000 0.693000 0 11 62 66 84 10 27 2 37 45 62 95 11 50 36 57 15 82 31 93 58 84 49 40 18 56 90 29 58 63 59 29 244 25 output 3 12 5 | 25 20 18 32 | 22 16 11 24 | 17 6 30 26 10 23 8 | 7 15 9 21 19 14 | 29 31 4 28 2 13 | 27
0.791000 0.568000 0.503000 0.407000 0.377000 0.511000 0.395000 0.343000 0.373000 0.879000 0.826000 0.313000 0.519000 0.211000 0.658000 0.390000 0.015000 0.022000 0.296000 0.733000 0.319000 0.826000 0.300000 0.070000 0.159000 0.588000 0.522000 0.700000 0.460000 0.364000 0.483000 0.774000 0.614000 0.504000 0.601000 0.406000 0.267000 0.649000 0.904000 0.473000 0.517000 0.243000 0.017000 0.153000 0.013000 0.542000 0.026000 0.365000 0.697000 0.559000 0.429000 0.143000 0.076000 0.801000 0.359000 0.268000 0.563000 0.058000 0.636000 0.052000 0.115000 0.307000 0.787000 0.499000 0 45 64 98 2 47 29 41 71 92 28 41 56 27 63 5 37 51 86 48 5 36 92 55 33 43 1 91 73 11 99 93 253 15 output 32 | 28 4 3 | 14 10 19 25 | 16 5 11 27 23 24 13 | 7 26 29 30 6 20 | 17 2 15 18 8 | 31 22 9 12 21
0.507000 0.788000 0.273000 0.303000 0.077000 0.503000 0.323000 0.994000 0.150000 0.938000 0.465000 0.077000 0.690000 0.427000 0.916000 0.294000 0.518000 0.847000 0.582000 0.228000 0.259000 0.015000 0.665000 0.294000 0.274000 0.813000 0.071000 0.536000 0.684000 0.012000 0.380000 0.533000 0.991000 0.777000 0.525000 0.589000 0.058000 0.886000 0.667000 0.424000 0.522000 0.216000 0.882000 0.361000 0.095000 0.521000 0.466000 0.890000 0.259000 0.180000 0.354000 0.286000 0.465000 0.553000 0.791000 0.727000 0.895000 0.363000 0.640000 0.815000 0.845000 0.273000 0.407000 0.682000 0 98 88 50 88 48 38 60 77 88 96 73 25 76 84 96 89 40 73 46 78 98 87 88 53 51 62 4 24 30 71 72 331 20 output 7 31 8 29 22 | 26 25 11 6 21 | 28 17 30 9 | 13 19 5 4 24 | 32 23 3 14 | 16 2 27 | 20 12 15 10 18
0.356000 0.729000 0.615000 0.139000 0.323000 0.971000 0.886000 0.319000 0.610000 0.403000 0.159000 0.825000 0.219000 0.785000 0.671000 0.027000 0.713000 0.673000 0.828000 0.036000 0.268000 0.139000 0.961000 0.100000 0.891000 0.690000 0.070000 0.018000 0.941000 0.105000 0.441000 0.043000 0.392000 0.995000 0.497000 0.712000 0.407000 0.644000 0.909000 0.181000 0.792000 0.695000 0.104000 0.714000 0.352000 0.555000 0.232000 0.043000 0.394000 0.524000 0.169000 0.535000 0.069000 0.713000 0.572000 0.407000 0.655000 0.969000 0.661000 0.194000 0.850000 0.985000 0.030000 0.516000 0 34 3 85 7 30 25 91 99 55 93 86 78 99 92 67 31 40 30 66 63 21 76 12 92 54 15 6 2 59 56 86 267 16 output 16 8 30 28 18 | 2 10 12 15 | 26 32 27 22 6 7 | 21 13 31 29 17 3 | 23 25 19 | 5 20 4 9 | 14 24 11
0.931000 0.117000 0.868000 0.136000 0.243000 0.439000 0.988000 0.405000 0.933000 0.758000 0.353000 0.093000 0.404000 0.450000 0.249000 0.503000 0.265000 0.621000 0.489000 0.673000 0.550000 0.841000 0.343000 0.473000 0.620000 0.584000 0.148000 0.018000 0.296000 0.823000 0.420000 0.222000 0.342000 0.181000 0.757000 0.108000 0.825000 0.324000 0.696000 0.032000 0.704000 0.066000 0.854000 0.542000 0.219000 0.514000 0.023000 0.179000 0.441000 0.896000 0.267000 0.376000 0.423000 0.527000 0.863000 0.286000 0.860000 0.674000 0.967000 0.207000 0.171000 0.356000 0.546000 0.673000 0 37 43 18 79 52 66 12 8 74 26 94 53 53 28 78 52 32 38 26 80 21 29 11 77 87 55 18 63 16 99 16 233 22 output 7 31 24 14 | 22 29 5 4 30 | 12 9 15 25 11 | 28 19 13 32 10 | 20 6 17 16 | 27 8 23 3 26 | 2 18 21
0.625000 0.667000 0.349000 0.429000 0.661000 0.992000 0.092000 0.663000 0.900000 0.266000 0.917000 0.823000 0.780000 0.176000 0.894000 0.649000 0.984000 0.142000 0.114000 0.931000 0.888000 0.487000 0.615000 0.099000 0.346000 0.453000 0.447000 0.334000 0.402000 0.798000 0.332000 0.879000 0.669000 0.306000 0.994000 0.265000 0.447000 0.847000 0.275000 0.175000 0.637000 0.810000 0.040000 0.156000 0.307000 0.820000 0.730000 0.398000 0.434000 0.313000 0.591000 0.166000 0.049000 0.094000 0.266000 0.573000 0.107000 0.770000 0.193000 0.279000 0.963000 0.550000 0.596000 0.881000 0 30 72 50 37 47 46 28 93 41 95 39 24 44 43 34 20 29 3 57 17 34 84 90 69 69 15 84 31 14 86 11 232 21 output 11 31 8 | 24 25 14 | 21 32 3 6 | 2 13 28 4 29 | 15 23 10 16 19 | 26 12 20 27 22 30 | 17 7 9 18 5
0.562000 0.066000 0.813000 0.996000 0.127000 0.031000 0.233000 0.870000 0.960000 0.355000 0.245000 0.710000 0.218000 0.469000 0.451000 0.149000 0.184000 0.558000 0.984000 0.263000 0.436000 0.326000 0.059000 0.941000 0.573000 0.539000 0.604000 0.932000 0.331000 0.865000 0.034000 0.548000 0.655000 0.416000 0.041000 0.821000 0.124000 0.389000 0.062000 0.436000 0.752000 0.147000 0.822000 0.687000 0.660000 0.559000 0.623000 0.571000 0.651000 0.842000 0.105000 0.741000 0.622000 0.032000 0.145000 0.824000 0.466000 0.201000 0.479000 0.374000 0.182000 0.795000 0.236000 0.304000 0 73 7 78 21 10 63 59 52 27 51 56 56 90 36 37 78 55 30 29 71 46 30 86 81 98 98 93 62 18 42 54 273 16 output 27 | 13 24 23 22 5 10 | 25 14 2 | 3 19 20 16 9 7 32 | 31 28 4 15 30 | 21 17 29 8 | 26 18 12 6 11
0.798000 0.029000 0.141000 0.057000 0.206000 0.493000 0.271000 0.261000 0.681000 0.188000 0.617000 0.520000 0.388000 0.125000 0.937000 0.474000 0.671000 0.138000 0.345000 0.713000 0.632000 0.715000 0.287000 1.000000 0.244000 0.654000 0.814000 0.038000 0.764000 0.891000 0.930000 0.239000 0.839000 0.710000 0.768000 0.729000 0.434000 0.799000 0.380000 0.542000 0.594000 0.087000 0.510000 0.119000 0.610000 0.313000 0.216000 0.861000 0.921000 0.458000 0.303000 0.879000 0.742000 0.825000 0.528000 0.170000 0.389000 0.031000 0.201000 0.311000 0.957000 0.422000 0.222000 0.177000 0 20 95 29 9 7 85 46 17 27 86 54 83 72 38 82 55 19 28 68 46 42 67 85 11 40 96 7 72 79 81 91 265 19 output 21 29 7 22 9 | 17 8 31 16 | 6 11 27 15 18 25 | 28 3 13 20 5 | 23 30 32 2 | 4 10 24 12 26 19 | 14
0.493000 0.253000 0.077000 0.638000 0.550000 0.230000 0.876000 0.858000 0.623000 0.234000 0.023000 0.778000 0.898000 0.451000 0.305000 0.224000 0.125000 0.783000 0.541000 0.161000 0.728000 0.321000 0.917000 0.293000 0.642000 0.280000 0.198000 0.579000 0.619000 0.320000 0.425000 0.912000 0.033000 0.991000 0.581000 0.881000 0.593000 0.726000 0.250000 0.982000 0.074000 0.837000 0.459000 0.884000 0.923000 0.540000 0.459000 0.993000 0.106000 0.812000 0.408000 0.836000 0.326000 0.252000 0.118000 0.352000 0.669000 0.615000 0.313000 0.429000 0.197000 0.956000 0.855000 0.079000 0 17 38 18 75 28 9 96 97 23 27 85 41 79 32 39 74 37 83 84 20 29 92 3 1 85 7 75 79 94 67 56 257 16 output 27 8 28 14 | 15 11 7 23 4 29 | 30 2 6 21 25 9 | 17 31 20 24 22 | 10 3 | 26 16 18 19 | 5 32 12 13
0.530000 0.672000 0.004000 0.789000 0.997000 0.694000 0.028000 0.876000 0.922000 0.296000 0.465000 0.394000 0.703000 0.411000 0.614000 0.740000 0.461000 0.769000 0.399000 0.333000 0.745000 0.360000 0.219000 0.290000 0.161000 0.946000 0.201000 0.285000 0.622000 0.135000 0.920000 0.973000 0.250000 0.520000 0.753000 0.243000 0.235000 0.594000 0.983000 0.067000 0.527000 0.088000 0.668000 0.582000 0.888000 0.060000 0.573000 0.307000 0.347000 0.826000 0.185000 0.057000 0.206000 0.838000 0.142000 0.992000 0.513000 0.536000 0.262000 0.468000 0.929000 0.749000 0.167000 0.914000 0 84 21 19 66 89 50 78 64 13 43 48 39 52 22 70 45 3 81 55 67 53 21 47 82 74 15 27 67 69 55 16 248 17 output 26 14 12 30 | 9 25 19 | 7 11 18 23 20 5 | 6 10 21 15 24 | 22 29 | 27 32 13 28 4 2 17 | 3 31 16 8
0.694000 0.395000 0.640000 0.986000 0.777000 0.371000 0.478000 0.861000 0.474000 0.196000 0.734000 0.483000 0.237000 0.961000 0.933000 0.331000 0.953000 0.879000 0.009000 0.861000 0.142000 0.239000 0.172000 0.707000 0.300000 0.879000 0.875000 0.590000 0.032000 0.501000 0.998000 0.528000 0.635000 0.110000 0.625000 0.944000 0.999000 0.178000 0.143000 0.054000 0.574000 0.323000 0.209000 0.834000 0.973000 0.601000 0.626000 0.411000 0.334000 0.878000 0.594000 0.187000 0.136000 0.094000 0.220000 0.870000 0.599000 0.732000 0.074000 0.507000 0.364000 0.156000 0.118000 0.773000 0 42 19 14 55 2 87 35 50 65 70 33 73 74 10 17 41 93 41 11 26 46 69 55 94 72 55 80 77 84 40 64 258 16 output 21 5 31 20 27 11 | 30 15 10 32 12 | 13 25 4 29 | 17 26 | 22 28 7 | 3 19 8 16 23 14 | 6 9 2 18 24
0.995000 0.562000 0.102000 0.172000 0.836000 0.175000 0.456000 0.026000 0.163000 0.778000 0.370000 0.151000 0.131000 0.265000 0.851000 0.822000 0.256000 0.431000 0.958000 0.454000 0.356000 0.921000 0.864000 0.970000 0.527000 0.125000 0.514000 0.905000 0.668000 0.018000 0.079000 0.423000 0.819000 0.443000 0.333000 0.264000 0.159000 0.474000 0.960000 0.707000 0.347000 0.605000 0.731000 0.346000 0.272000 0.203000 0.190000 0.835000 0.765000 0.645000 0.086000 0.202000 0.743000 0.505000 0.049000 0.049000 0.448000 0.947000 0.576000 0.690000 0.924000 0.824000 0.933000 0.614000 0 37 68 68 53 89 87 66 96 19 22 32 50 30 5 21 31 25 55 41 83 92 22 10 69 16 44 88 78 49 63 40 250 14 output 18 6 4 13 15 | 9 16 21 30 | 7 26 2 28 23 | 19 5 24 11 29 14 | 8 12 31 20 | 27 25 32 | 17 22 3 10
0.006000 0.152000 0.252000 0.391000 0.708000 0.743000 0.524000 0.267000 0.909000 0.710000 0.776000 0.051000 0.426000 0.111000 0.917000 0.151000 0.937000 0.254000 0.418000 0.271000 0.758000 0.758000 0.614000 0.795000 0.990000 0.051000 0.014000 0.010000 0.535000 0.028000 0.504000 0.416000 0.042000 0.139000 0.244000 0.697000 0.099000 0.851000 0.252000 0.686000 0.074000 0.039000 0.648000 0.646000 0.425000 0.739000 0.035000 0.147000 0.616000 0.746000 0.724000 0.543000 0.222000 0.567000 0.980000 0.733000 0.738000 0.169000 0.407000 0.729000 0.389000 0.079000 0.825000 0.198000 0 75 71 87 53 49 26 45 9 29 83 4 28 64 88 91 76 78 37 58 7 88 17 72 99 12 76 53 96 52 77 81 288 13 output 7 29 15 31 | 27 20 18 19 | 26 5 28 11 3 | 30 23 12 25 22 | 14 21 6 13 8 9 32 | 24 17 | 2 16 4 10
0.838000 0.402000 0.803000 0.803000 0.547000 0.233000 0.094000 0.801000 0.023000 0.575000 0.729000 0.513000 0.219000 0.411000 0.770000 0.049000 0.195000 0.161000 0.034000 0.309000 0.924000 0.184000 0.236000 0.767000 0.318000 0.969000 0.886000 0.478000 0.433000 0.000000 0.034000 0.816000 0.367000 0.778000 0.669000 0.899000 0.645000 0.190000 0.609000 0.308000 0.522000 0.542000 0.377000 0.940000 0.160000 0.060000 0.793000 0.906000 0.870000 0.496000 0.733000 0.249000 0.729000 0.836000 0.113000 0.693000 0.571000 0.716000 0.640000 0.473000 0.468000 0.279000 0.196000 0.123000 0 45 16 44 60 98 34 36 83 87 17 8 11 58 42 64 74 11 29 12 19 45 10 72 38 9 16 43 63 20 75 0 200 16 output 11 8 15 23 32 9 20 | 17 13 22 29 | 27 18 24 2 | 7 10 5 | 14 25 6 | 31 3 19 26 | 30 21 28 16 4 12
0.563000 0.697000 0.194000 0.289000 0.907000 0.695000 0.175000 0.349000 0.227000 0.850000 0.290000 0.042000 0.166000 0.461000 1.000000 0.345000 0.834000 0.959000 0.713000 0.463000 0.539000 0.677000 0.008000 0.680000 0.454000 0.438000 0.242000 0.996000 0.245000 0.545000 0.253000 0.848000 0.210000 0.032000 0.343000 0.725000 0.011000 0.301000 0.486000 0.611000 0.971000 0.823000 0.572000 0.159000 0.494000 0.583000 0.173000 0.434000 0.276000 0.213000 0.375000 0.111000 0.318000 0.534000 0.389000 0.573000 0.024000 0.494000 0.408000 0.019000 0.518000 0.537000 0.062000 0.362000 0 99 35 93 71 79 49 35 67 55 82 71 72 51 97 86 12 76 25 36 85 75 24 21 95 68 55 93 0 16 45 54 294 19 output 31 27 15 28 | 12 29 19 32 4 7 | 18 16 5 14 | 24 2 25 13 | 9 21 3 8 10 | 22 30 6 17 26 23 | 11 20
0.397000 0.858000 0.377000 0.480000 0.179000 0.053000 0.751000 0.807000 0.585000 0.503000 0.023000 0.264000 0.503000 0.343000 0.440000 0.050000 0.189000 0.667000 0.565000 0.200000 0.488000 0.239000 0.725000 0.590000 0.186000 0.268000 0.758000 0.930000 0.648000 0.513000 0.315000 0.898000 0.211000 0.388000 0.264000 0.970000 0.896000 0.780000 0.314000 0.373000 0.531000 0.733000 0.550000 0.638000 0.972000 0.364000 0.647000 0.842000 0.062000 0.874000 0.060000 0.009000 0.198000 0.447000 0.605000 0.560000 0.211000 0.475000 0.319000 0.591000 0.511000 0.856000 0.886000 0.948000 0.999000 0.467000 0.609000 0.009000 0.986000 0.615000 0.034000 0.706000 0.717000 0.215000 0.236000 0.748000 0.377000 0.088000 0.935000 0.843000 0.408000 0.916000 0.126000 0.256000 0.192000 0.853000 0.456000 0.516000 0.713000 0.257000 0.508000 0.296000 0.864000 0.031000 0.468000 0.676000 0.784000 0.965000 0.374000 0.886000 0.455000 0.586000 0 87 15 66 25 59 37 94 77 64 50 96 55 39 87 59 60 87 10 85 54 83 31 90 35 13 77 45 68 45 33 55 63 60 21 50 23 38 73 84 74 68 72 43 46 64 97 57 53 7 87 287 35 output 19 40 32 49 14 | 13 3 26 6 42 27 | 45 37 47 23 33 35 | 38 9 36 25 43 | 34 8 39 17 | 28 15 12 21 | 22 51 48 | 50 16 18 41 | 5 10 11 46 7 44 | 2 20 29 30 | 4 24 31
0.059000 0.466000 0.459000 0.426000 0.723000 0.822000 0.386000 0.870000 0.300000 0.219000 0.327000 0.566000 0.164000 0.622000 0.464000 0.002000 0.038000 0.085000 0.722000 0.702000 0.071000 0.444000 0.339000 0.669000 0.192000 0.386000 0.965000 0.516000 0.412000 0.556000 0.526000 0.366000 0.702000 0.371000 0.589000 0.494000 0.456000 0.560000 0.857000 0.782000 0.351000 0.536000 0.375000 0.792000 0.781000 0.345000 0.424000 0.274000 0.299000 0.692000 0.075000 0.948000 0.906000 0.222000 0.129000 0.218000 0.747000 0.216000 0.125000 0.241000 0.373000 0.148000 0.645000 0.141000 0.954000 0.387000 0.382000 0.118000 0.731000 0.767000 0.608000 0.957000 0.608000 0.340000 0.206000 0.847000 0.622000 0.870000 0.774000 0.963000 0.428000 0.305000 0.844000 0.642000 0.879000 0.023000 0.669000 0.793000 0.995000 0.623000 0.946000 0.382000 0.434000 0.375000 0.882000 0.559000 0.752000 0.483000 0.605000 0.235000 0.856000 0.457000 0 43 83 80 67 8 17 97 80 95 77 67 47 68 0 13 96 63 19 32 82 22 1 35 94 9 5 66 33 4 64 63 83 67 50 64 84 72 4 47 35 74 28 15 88 61 6 7 47 54 22 244 27 output 5 9 28 30 | 13 21 25 7 | 26 38 4 12 | 6 19 23 46 33 27 43 29 47 | 11 | 37 17 18 | 15 42 20 40 36 39 22 | 8 34 31 | 49 51 14 45 48 | 41 24 32 50 16 2 | 10 35 3 44
0.365000 0.861000 0.931000 0.870000 0.584000 0.986000 0.819000 0.812000 0.435000 0.806000 0.517000 0.185000 0.081000 0.104000 0.823000 0.658000 0.044000 0.812000 0.685000 0.503000 0.074000 0.828000 0.177000 0.017000 0.463000 0.884000 0.582000 0.285000 0.222000 0.533000 0.412000 0.297000 0.557000 0.188000 0.601000 0.157000 0.507000 0.832000 0.298000 0.274000 0.610000 0.465000 0.395000 0.798000 0.340000 0.090000 0.152000 0.014000 0.804000 0.386000 0.072000 0.058000 0.655000 0.420000 0.650000 0.171000 0.919000 0.492000 0.431000 0.254000 0.614000 0.454000 0.399000 0.002000 0.200000 0.260000 0.405000 0.646000 0.719000 0.148000 0.764000 0.133000 0.985000 0.981000 0.727000 0.854000 0.004000 0.853000 0.377000 0.331000 0.369000 0.757000 0.119000 0.348000 0.620000 0.856000 0.698000 0.710000 0.129000 0.810000 0.167000 0.168000 0.509000 0.964000 0.309000 0.376000 0.975000 0.307000 0.668000 0.898000 0.554000 0.692000 0 61 53 2 99 83 91 0 66 12 71 14 32 59 77 59 1 23 74 46 59 96 37 47 65 84 16 18 12 22 48 84 77 62 89 51 76 63 46 7 21 45 79 77 46 63 69 27 79 74 43 261 26 output 44 4 2 37 13 | 11 39 9 45 | 48 20 23 32 46 | 40 16 30 6 17 18 14 | 28 35 36 49 29 8 | 51 10 25 27 31 21 | 22 | 34 33 42 15 | 47 3 50 38 | 43 19 5 | 7 26 24 12 41
0.807000 0.484000 0.990000 0.953000 0.193000 0.683000 0.372000 0.170000 0.159000 0.004000 0.745000 0.240000 0.004000 0.542000 0.317000 0.105000 0.261000 0.533000 0.252000 0.012000 0.220000 0.822000 0.329000 0.325000 0.027000 0.159000 0.064000 0.186000 0.733000 0.340000 0.087000 0.057000 0.671000 0.640000 0.787000 0.562000 0.187000 0.766000 0.907000 0.612000 0.983000 0.843000 0.487000 0.837000 0.148000 0.443000 0.132000 0.634000 0.012000 0.018000 0.613000 0.797000 0.950000 0.640000 0.914000 0.439000 0.945000 0.664000 0.885000 0.039000 0.097000 0.592000 0.261000 0.804000 0.021000 0.370000 0.487000 0.628000 0.824000 0.598000 0.900000 0.690000 0.295000 0.671000 0.847000 0.410000 0.586000 0.800000 0.499000 0.449000 0.014000 0.636000 0.674000 0.429000 0.263000 0.321000 0.680000 0.937000 0.075000 0.422000 0.678000 0.588000 0.636000 0.002000 0.909000 0.043000 0.764000 0.469000 0.162000 0.003000 0.302000 0.315000 0 66 81 28 35 40 33 4 62 59 4 58 10 84 55 73 99 58 73 95 20 33 0 16 58 30 98 46 26 48 37 87 98 9 57 51 53 80 61 60 97 40 10 86 3 45 56 56 35 34 52 250 24 output 8 16 25 13 33 45 23 | 28 48 30 47 6 | 43 14 5 50 10 4 | 36 27 20 | 31 7 41 24 37 34 | 32 11 19 3 | 12 51 9 40 | 35 18 | 26 39 17 46 | 29 21 2 44 22 | 49 42 15 38
0.302000 0.357000 0.753000 0.721000 0.931000 0.845000 0.452000 0.228000 0.368000 0.438000 0.154000 0.790000 0.854000 0.834000 0.932000 0.774000 0.873000 0.390000 0.070000 0.943000 0.164000 0.788000 0.423000 0.482000 0.246000 0.705000 0.765000 0.456000 0.444000 0.830000 0.231000 0.891000 0.437000 0.496000 0.581000 0.607000 0.449000 0.823000 0.797000 0.860000 0.756000 0.719000 0.581000 0.063000 0.690000 0.150000 0.205000 0.863000 0.559000 0.022000 0.057000 0.488000 0.161000 0.353000 0.117000 0.075000 0.417000 0.078000 0.141000 0.337000 0.411000 0.910000 0.131000 0.076000 0.663000 0.525000 0.570000 0.606000 0.349000 0.129000 0.721000 0.218000 0.641000 0.288000 0.665000 0.691000 0.495000 0.638000 0.103000 0.131000 0.307000 0.419000 0.059000 0.572000 0.329000 0.329000 0.271000 0.217000 0.930000 0.718000 0.629000 0.361000 0.071000 0.796000 0.722000 0.470000 0.828000 0.457000 0.105000 0.465000 0.510000 0.859000 0 4 56 43 20 6 58 97 4 53 26 49 94 70 90 37 26 41 8 1 92 79 41 65 47 72 40 49 69 4 86 45 53 30 42 3 15 25 82 94 23 72 62 15 16 31 75 47 28 3 19 221 26 output 27 30 50 26 42 | 19 51 20 7 21 2 34 | 17 38 3 8 45 | 47 10 24 11 | 15 31 16 6 | 40 28 32 44 | 35 29 4 43 | 9 49 14 48 33 | 13 39 18 | 46 37 36 23 22 25 | 5 12 41
0.032000 0.592000 0.168000 0.364000 0.278000 0.330000 0.896000 0.076000 0.247000 0.341000 0.166000 0.992000 0.231000 0.912000 0.037000 0.062000 0.298000 0.371000 0.680000 0.709000 0.341000 0.035000 0.914000 0.053000 0.320000 0.764000 0.514000 0.841000 0.094000 0.205000 0.325000 0.650000 0.003000 0.933000 0.541000 0.890000 0.296000 0.159000 0.486000 0.930000 0.194000 0.946000 0.161000 0.300000 0.099000 0.166000 0.192000 0.395000 0.613000 0.282000 0.906000 0.223000 0.446000 0.310000 0.264000 0.803000 0.310000 0.442000 0.560000 0.139000 0.044000 0.189000 0.373000 0.981000 0.628000 0.567000 0.909000 0.786000 0.456000 0.145000 0.658000 0.362000 0.875000 0.650000 0.234000 0.573000 0.539000 0.568000 0.546000 0.058000 0.934000 0.993000 0.595000 0.067000 0.321000 0.074000 0.651000 0.912000 0.877000 0.188000 0.216000 0.455000 0.072000 0.733000 0.878000 0.249000 0.618000 0.501000 0.687000 0.154000 0.001000 0.827000 0 87 30 61 63 21 36 5 74 24 8 5 2 19 67 1 68 97 87 78 47 56 29 53 29 65 79 17 56 93 83 99 77 16 28 71 62 96 44 26 92 0 24 82 3 67 49 76 88 76 67 259 37 output 39 10 37 34 41 14 | 46 24 2 | 28 32 7 21 6 | 35 30 50 42 40 11 43 | 31 8 23 15 22 | 9 29 38 | 27 19 3 5 | 36 49 33 16 | 48 26 45 12 4 25 | 51 17 47 | 20 44 18 13
0.376000 0.238000 0.698000 0.285000 0.734000 0.109000 0.011000 0.565000 0.394000 0.194000 0.216000 0.133000 0.646000 0.641000 0.328000 0.516000 0.895000 0.151000 0.325000 0.292000 0.672000 0.287000 0.273000 0.360000 0.123000 0.653000 0.387000 0.335000 0.415000 0.608000 0.437000 0.015000 0.359000 0.154000 0.125000 0.128000 0.652000 0.320000 0.203000 0.902000 0.353000 0.080000 0.089000 0.685000 0.865000 0.176000 0.609000 0.501000 0.523000 0.670000 0.437000 0.136000 0.731000 0.752000 0.293000 0.940000 0.434000 0.537000 0.863000 0.602000 0.709000 0.865000 0.217000 0.277000 0.649000 0.586000 0.094000 0.930000 0.072000 0.584000 0.754000 0.240000 0.549000 0.450000 0.906000 0.571000 0.281000 0.450000 0.569000 0.866000 0.202000 0.336000 0.961000 0.437000 0.834000 0.472000 0.107000 0.481000 0.089000 0.885000 0.760000 0.549000 0.834000 0.236000 0.692000 0.839000 0.446000 0.581000 0.148000 0.285000 0.932000 0.133000 0 32 49 96 11 7 40 7 27 9 63 54 69 44 52 56 89 35 85 31 77 12 58 18 33 6 17 51 62 47 47 51 64 69 64 34 15 93 19 10 16 93 17 32 31 8 23 68 70 28 79 217 25 output 14 39 13 12 | 19 2 11 | 32 50 18 6 17 | 10 35 4 44 41 | 22 45 34 20 28 8 | 5 26 16 21 | 25 40 31 48 27 7 | 3 51 9 23 | 37 24 43 42 47 36 | 46 38 30 33 | 15 49 29
0.751000 0.187000 0.870000 0.875000 0.772000 0.786000 0.194000 0.838000 0.115000 0.490000 0.727000 0.917000 0.870000 0.674000 0.530000 0.128000 0.769000 0.945000 0.407000 0.794000 0.580000 0.931000 0.662000 0.749000 0.889000 0.112000 0.576000 0.181000 0.834000 0.720000 0.654000 0.395000 0.565000 0.678000 0.777000 0.420000 0.097000 0.590000 0.742000 0.210000 0.844000 0.032000 0.061000 0.930000 0.073000 0.083000 0.203000 0.629000 0.386000 0.524000 0.048000 0.995000 0.603000 0.052000 0.578000 0.168000 0.675000 0.625000 0.761000 0.818000 0.950000 0.778000 0.507000 0.080000 0.811000 0.286000 0.555000 0.767000 0.828000 0.239000 0.611000 0.796000 0.293000 0.256000 0.803000 0.550000 0.680000 0.928000 0.237000 0.254000 0.984000 0.054000 0.580000 0.494000 0.955000 0.684000 0.142000 0.943000 0.638000 0.056000 0.999000 0.479000 0.967000 0.098000 0.886000 0.461000 0.505000 0.932000 0.579000 0.008000 0.670000 0.219000 0 19 66 48 60 84 91 6 43 32 91 25 89 84 19 55 79 63 75 59 80 20 79 97 62 25 82 89 34 52 96 20 14 81 29 31 13 93 18 75 66 73 30 59 17 89 17 93 31 50 88 280 24 output 12 36 39 11 49 34 | 2 9 6 30 3 | 33 43 31 15 7 | 13 47 41 21 | 14 37 40 23 32 8 | 18 48 46 35 | 16 25 24 5 | 28 27 50 45 | 10 4 44 26 22 19 | 42 17 29 38 | 51 20
0.491000 0.446000 0.894000 0.644000 0.645000 0.932000 0.778000 0.912000 0.777000 0.790000 0.232000 0.537000 0.322000 0.627000 0.526000 0.672000 0.968000 0.127000 0.100000 0.649000 0.267000 0.352000 0.702000 0.166000 0.016000 0.192000 0.011000 0.060000 0.500000 0.702000 0.077000 0.225000 0.847000 0.564000 0.244000 0.421000 0.550000 0.796000 0.061000 0.240000 0.115000 0.849000 0.191000 0.710000 0.852000 0.369000 0.614000 0.777000 0.101000 0.499000 0.187000 0.435000 0.817000 0.286000 0.894000 0.731000 0.111000 0.774000 0.672000 0.379000 0.422000 0.188000 0.861000 0.597000 0.983000 0.273000 0.003000 0.766000 0.324000 0.527000 0.453000 0.410000 0.313000 0.797000 0.511000 0.984000 0.861000 0.051000 0.721000 0.141000 0.408000 0.245000 0.545000 0.196000 0.836000 0.426000 0.383000 0.984000 0.953000 0.451000 0.000000 0.819000 0.509000 0.527000 0.359000 0.746000 0.869000 0.244000 0.211000 0.104000 0.013000 0.425000 0 7 40 8 64 86 68 85 73 72 95 20 55 3 56 91 89 83 71 71 72 40 84 34 74 37 16 84 94 30 90 8 15 89 67 79 69 21 69 7 39 85 35 69 87 16 73 79 34 2 5 274 26 output 8 19 38 44 | 15 48 37 7 | 24 3 4 5 28 2 43 | 35 18 11 | 41 31 42 | 17 32 45 23 | 50 14 13 16 20 51 26 | 12 40 39 9 33 49 27 30 | 6 25 10 22 | 29 34 46 21 | 36 47
0.843000 0.830000 0.801000 0.774000 0.511000 0.787000 0.361000 0.015000 0.520000 0.498000 0.330000 0.517000 0.102000 0.902000 0.408000 0.740000 0.314000 0.389000 0.529000 0.328000 0.084000 0.013000 0.113000 0.638000 0.414000 0.271000 0.144000 0.851000 0.771000 0.334000 0.364000 0.382000 0.359000 0.154000 0.950000 0.289000 0.251000 0.938000 0.177000 0.815000 0.529000 0.550000 0.165000 0.341000 0.397000 0.657000 0.518000 0.355000 0.373000 0.326000 0.900000 0.051000 0.874000 0.062000 0.201000 0.704000 0.238000 0.974000 0.190000 0.113000 0.859000 0.972000 0.327000 0.577000 0.601000 0.163000 0.158000 0.209000 0.884000 0.334000 0.696000 0.133000 0.983000 0.486000 0.116000 0.451000 0.138000 0.452000 0.784000 0.272000 0.380000 0.332000 0.025000 0.720000 0.252000 0.970000 0.737000 0.200000 0.377000 0.440000 0.980000 0.739000 0.078000 0.410000 0.728000 0.558000 0.606000 0.866000 0.437000 0.851000 0.874000 0.619000 0 51 15 66 92 42 50 1 33 68 87 72 75 35 82 13 32 18 11 81 22 25 61 50 55 20 4 66 10 51 15 56 78 46 21 47 22 41 9 22 16 87 88 76 12 77 16 64 85 88 0 226 26 output 45 16 25 13 10 | 21 41 30 34 22 47 38 39 | 24 33 36 27 26 18 51 | 3 8 12 42 7 | 48 5 2 | 31 50 49 | 20 14 19 29 43 | 37 35 40 44 15 | 9 11 4 17 | 46 | 6 32 28 23
0.460000 0.446000 0.325000 0.822000 0.685000 0.537000 0.245000 0.400000 0.684000 0.301000 0.779000 0.529000 0.236000 0.770000 0.175000 0.800000 0.257000 0.735000 0.992000 0.941000 0.870000 0.857000 0.971000 0.249000 0.606000 0.123000 0.767000 0.751000 0.445000 0.018000 0.211000 0.718000 0.506000 0.201000 0.423000 0.196000 0.556000 0.501000 0.068000 0.104000 0.559000 0.569000 0.229000 0.221000 0.764000 0.098000 0.298000 0.002000 0.919000 0.383000 0.945000 0.949000 0.922000 0.631000 0.354000 0.965000 0.220000 0.864000 0.424000 0.419000 0.882000 0.637000 0.339000 0.109000 0.993000 0.636000 0.584000 0.825000 0.240000 0.201000 0.201000 0.927000 0.129000 0.568000 0.699000 0.904000 0.994000 0.008000 0.480000 0.592000 0.169000 0.822000 0.758000 0.257000 0.803000 0.641000 0.071000 0.706000 0.313000 0.427000 0.396000 0.217000 0.454000 0.078000 0.026000 0.291000 0.435000 0.086000 0.939000 0.439000 0.362000 0.343000 0 33 23 57 22 28 23 67 59 84 79 14 74 35 33 92 41 91 60 55 17 72 36 73 60 47 20 91 79 83 83 60 50 76 35 43 41 97 44 20 68 23 96 79 96 38 10 7 71 53 48 269 34 output 11 26 10 33 | 32 24 20 48 4 | 17 13 15 47 49 46 | 7 29 36 28 2 | 18 35 22 51 | 40 9 16 45 | 21 43 31 27 6 3 | 34 38 14 19 | 8 41 44 37 | 5 42 23 39 12 25 50 | 30
0.494000 0.773000 0.003000 0.097000 0.242000 0.755000 0.367000 0.295000 0.466000 0.331000 0.146000 0.386000 0.151000 0.799000 0.575000 0.689000 0.142000 0.874000 0.422000 0.290000 0.112000 0.781000 0.481000 0.904000 0.704000 0.607000 0.727000 0.865000 0.880000 0.644000 0.922000 0.113000 0.828000 0.326000 0.937000 0.348000 0.086000 0.957000 0.136000 0.507000 0.129000 0.202000 0.605000 0.908000 0.330000 0.219000 0.418000 0.574000 0.626000 0.281000 0.505000 0.062000 0.601000 0.247000 0.959000 0.302000 0.567000 0.320000 0.390000 0.152000 0.636000 0.477000 0.466000 0.448000 0.840000 0.023000 0.903000 0.751000 0.819000 0.236000 0.657000 0.530000 0.189000 0.913000 0.950000 1.000000 0.924000 0.595000 0.720000 0.209000 0.671000 0.396000 0.694000 0.765000 0.628000 0.011000 0.457000 0.360000 0.119000 0.701000 0.315000 0.406000 0.201000 0.960000 0.130000 0.855000 0.519000 0.347000 0.053000 0.426000 0.960000 0.987000 0 25 83 51 97 47 16 1 7 94 76 35 50 70 44 4 60 80 3 66 28 50 9 63 19 93 66 20 90 40 18 78 55 18 13 74 99 41 20 98 88 98 35 70 76 26 91 29 55 57 68 260 35 output 12 22 14 42 | 46 6 21 2 50 20 | 49 29 27 25 | 37 9 48 19 47 | 8 18 28 17 40 | 35 16 33 43 26 30 23 | 32 44 24 | 4 10 5 | 36 41 31 | 38 51 34 15 39 13 | 3 45 11 7
0.762000 0.120000 0.310000 0.444000 0.158000 0.499000 0.021000 0.160000 0.965000 0.607000 0.896000 0.416000 0.715000 0.298000 0.438000 0.094000 0.518000 0.886000 0.694000 0.219000 0.827000 0.568000 0.834000 0.757000 0.770000 0.690000 0.753000 0.136000 0.444000 0.392000 0.590000 0.325000 0.924000 0.606000 0.574000 0.607000 0.426000 0.763000 0.810000 0.247000 0.322000 0.878000 0.466000 0.113000 0.423000 0.650000 0.996000 0.075000 0.182000 0.376000 0.428000 0.142000 0.395000 0.980000 0.934000 0.233000 0.088000 0.645000 0.064000 0.366000 0.401000 0.727000 0.317000 0.603000 0.455000 0.229000 0.415000 0.210000 0.297000 0.208000 0.149000 0.692000 0.690000 0.244000 0.876000 0.630000 0.808000 0.391000 0.561000 0.195000 0.843000 0.834000 0.577000 0.846000 0.249000 0.736000 0.887000 0.903000 0.163000 0.377000 0.472000 0.921000 0.075000 0.139000 0.294000 0.160000 0.256000 0.394000 0.315000 0.705000 0.962000 0.332000 0 74 75 21 53 10 22 62 39 14 48 92 0 25 78 51 36 67 16 77 23 18 10 72 86 44 74 4 32 79 99 96 15 97 38 46 78 12 98 96 47 97 55 67 31 87 3 0 10 80 46 250 29 output 38 41 44 42 7 | 11 13 12 17 5 6 | 23 19 21 27 46 9 | 20 | 14 39 51 28 24 | 32 2 15 | 34 26 8 22 | 40 16 37 10 | 35 3 29 36 43 | 33 49 25 45 30 4 47 48 | 50 31 18
0.341000 0.788000 0.444000 0.263000 0.237000 0.886000 0.815000 0.660000 0.886000 0.210000 0.013000 0.438000 0.009000 0.510000 0.690000 0.816000 0.552000 0.582000 0.526000 0.626000 0.500000 0.017000 0.611000 0.798000 0.016000 0.014000 0.588000 0.550000 0.232000 0.463000 0.630000 0.762000 0.524000 0.096000 0.614000 0.513000 0.238000 0.303000 0.093000 0.717000 0.299000 0.299000 0.624000 0.959000 0.797000 0.425000 0.060000 0.486000 0.013000 0.374000 0.995000 0.284000 0.755000 0.630000 0.721000 0.019000 0.075000 0.631000 0.688000 0.846000 0.425000 0.737000 0.086000 0.673000 0.802000 0.750000 0.174000 0.880000 0.851000 0.610000 0.716000 0.153000 0.510000 0.874000 0.700000 0.134000 0.650000 0.723000 0.025000 0.462000 0.486000 0.545000 0.176000 0.895000 0.059000 0.790000 0.803000 0.362000 0.723000 0.898000 0.043000 0.937000 0.706000 0.805000 0.305000 0.478000 0.723000 0.892000 0.374000 0.758000 0.921000 0.633000 0 90 10 10 87 95 54 64 24 12 25 1 68 50 14 87 64 42 73 93 99 8 66 48 4 61 74 73 77 46 45 16 28 10 45 42 97 12 42 4 6 68 73 31 97 74 57 28 81 74 9 246 34 output 32 29 7 6 40 | 24 25 13 19 15 48 | 44 5 26 23 | 20 43 46 | 30 8 39 16 | 10 18 2 21 | 41 36 38 28 11 17 | 9 14 27 4 35 51 33 | 3 42 34 | 50 31 37 | 12 47 49 45 22
0.161000 0.583000 0.287000 0.281000 0.019000 0.874000 0.584000 0.767000 0.871000 0.255000 0.151000 0.878000 0.896000 0.864000 0.103000 0.134000 0.416000 0.301000 0.801000 0.521000 0.180000 0.767000 0.611000 0.317000 0.923000 0.182000 0.035000 0.773000 0.403000 0.547000 0.019000 0.451000 0.677000 0.044000 0.214000 0.787000 0.784000 0.688000 0.097000 0.495000 0.508000 0.742000 0.738000 0.110000 0.646000 0.826000 0.037000 0.984000 0.205000 0.561000 0.871000 0.662000 0.193000 0.865000 0.619000 0.093000 0.613000 0.445000 0.482000 0.012000 0.401000 0.240000 0.083000 0.107000 0.656000 0.201000 0.192000 0.233000 0.403000 0.989000 0.424000 0.359000 0.015000 0.251000 0.409000 0.518000 0.262000 0.914000 0.782000 0.537000 0.858000 0.801000 0.637000 0.330000 0.067000 0.463000 0.207000 0.986000 0.152000 0.663000 0.805000 0.419000 0.376000 0.687000 0.139000 0.627000 0.488000 0.731000 0.062000 0.229000 0.380000 0.792000 0 94 35 37 84 25 3 96 36 88 15 52 32 12 91 17 61 97 78 58 15 38 35 72 27 40 9 19 74 16 68 2 99 22 92 35 60 91 33 58 55 21 77 4 98 19 73 86 17 37 81 249 25 output 11 27 39 44 35 51 | 16 37 50 32 8 34 | 46 10 40 47 | 48 45 | 30 17 28 33 12 | 36 9 31 2 | 4 23 7 41 26 19 | 20 43 | 18 6 24 3 14 | 29 5 13 22 42 | 25 38 15 21 49
0.806000 0.539000 0.672000 0.672000 0.544000 0.030000 0.233000 0.659000 0.974000 0.548000 0.616000 0.992000 0.497000 0.021000 0.671000 0.925000 0.503000 0.882000 0.790000 0.852000 0.791000 0.786000 0.112000 0.502000 0.115000 0.347000 0.145000 0.846000 0.972000 0.307000 0.326000 0.123000 0.024000 0.589000 0.862000 0.053000 0.041000 0.617000 0.829000 0.240000 0.229000 0.867000 0.981000 0.885000 0.508000 0.327000 0.998000 0.503000 0.478000 0.543000 0.041000 0.338000 0.348000 0.421000 0.990000 0.850000 0.720000 0.926000 0.575000 0.372000 0.910000 0.477000 0.662000 0.418000 0.710000 0.372000 0.014000 0.485000 0.974000 0.336000 0.593000 0.272000 0.410000 0.220000 0.358000 0.488000 0.677000 0.179000 0.853000 0.293000 0.673000 0.957000 0.231000 0.225000 0.503000 0.718000 0.633000 0.152000 0.831000 0.643000 0.092000 0.519000 0.204000 0.862000 0.535000 0.180000 0.853000 0.759000 0.440000 0.485000 0.511000 0.672000 0 46 49 63 66 9 64 69 82 31 72 77 95 70 82 27 7 46 93 95 12 14 46 75 65 98 42 99 25 79 81 35 88 30 2 80 37 28 29 22 24 52 18 34 39 49 42 91 42 19 45 259 31 output 39 44 3 7 16 37 | 49 28 22 10 11 | 51 4 14 47 21 43 | 9 6 41 8 29 45 | 36 48 30 | 42 26 13 | 31 24 5 | 12 46 34 17 19 | 23 27 38 50 25 2 | 33 32 | 35 15 18 20 40
0.613000 0.633000 0.926000 0.753000 0.934000 0.203000 0.000000 0.744000 0.643000 0.937000 0.949000 0.758000 0.142000 0.233000 0.937000 0.474000 0.853000 0.566000 0.664000 0.285000 0.915000 0.182000 0.967000 0.133000 0.579000 0.057000 0.641000 0.503000 0.156000 0.292000 0.011000 0.300000 0.480000 0.257000 0.338000 0.610000 0.699000 0.121000 0.474000 0.688000 0.585000 0.493000 0.292000 0.833000 0.281000 0.402000 0.637000 0.824000 0.510000 0.094000 0.256000 0.050000 0.254000 0.498000 0.737000 0.168000 0.444000 0.620000 0.965000 0.293000 0.537000 0.519000 0.901000 0.041000 0.494000 0.887000 0 55 22 91 48 73 38 91 23 56 89 17 60 17 72 33 91 56 21 12 19 30 1 71 31 95 93 87 98 26 67 84 82 274 18 output 22 4 16 7 15 23 | 21 17 26 31 | 9 8 6 2 | 14 10 28 19 13 25 | 29 27 18 20 | 24 5 33 | 32 12 11 3 30
0.312000 0.616000 0.172000 0.232000 0.592000 0.262000 0.932000 0.868000 0.556000 0.956000 0.081000 0.389000 0.088000 0.276000 0.453000 0.188000 0.488000 0.874000 0.086000 0.643000 0.209000 0.626000 0.149000 0.254000 0.826000 0.426000 0.787000 0.907000 0.571000 0.128000 0.925000 0.219000 0.727000 0.016000 0.986000 0.338000 0.147000 0.070000 0.144000 0.248000 0.535000 0.563000 0.166000 0.684000 0.702000 0.730000 0.213000 0.965000 0.376000 0.775000 0.420000 0.139000 0.417000 0.805000 0.402000 0.737000 0.228000 0.830000 0.285000 0.270000 0.046000 0.639000 0.896000 0.814000 0.645000 0.190000 0 25 84 16 81 4 56 3 12 11 81 64 77 80 77 99 85 5 43 90 84 52 25 97 12 7 87 49 88 3 65 38 5 251 20 output 11 10 31 22 | 14 4 32 23 21 | 2 12 20 7 6 | 3 33 17 15 | 28 9 5 27 25 | 13 18 16 8 26 19 30 | 24 29
0.654000 0.950000 0.073000 0.282000 0.196000 0.929000 0.458000 0.164000 0.224000 0.493000 0.805000 0.509000 0.741000 0.431000 0.549000 0.918000 0.916000 0.085000 0.762000 0.705000 0.980000 0.874000 0.433000 0.797000 0.415000 0.855000 0.192000 0.096000 0.019000 0.680000 0.353000 0.831000 0.941000 0.001000 0.201000 0.174000 0.858000 0.987000 0.087000 0.113000 0.837000 0.114000 0.465000 0.260000 0.002000 0.298000 0.105000 0.122000 0.937000 0.017000 0.114000 0.440000 0.243000 0.645000 0.046000 0.851000 0.971000 0.839000 0.102000 0.739000 0.181000 0.385000 0.222000 0.779000 0.274000 0.852000 0 66 53 58 64 39 21 85 12 15 99 30 34 32 41 74 93 70 22 81 72 54 81 76 78 61 94 99 0 90 32 75 41 288 25 output 14 24 20 23 | 30 15 28 3 | 12 5 26 27 13 | 10 6 29 11 19 | 8 16 32 33 | 22 4 18 2 31 | 9 25 17 21 7
0.599000 0.539000 0.928000 0.927000 0.594000 0.660000 0.508000 0.307000 0.876000 0.888000 0.834000 0.624000 0.305000 0.056000 0.074000 0.810000 0.261000 0.446000 0.971000 0.417000 0.728000 0.436000 0.904000 0.160000 0.613000 0.797000 0.786000 0.259000 0.763000 0.673000 0.156000 0.436000 0.498000 0.061000 0.797000 0.169000 0.449000 0.224000 0.094000 0.195000 0.224000 0.775000 0.029000 0.750000 0.462000 0.779000 0.518000 0.078000 0.516000 0.969000 0.397000 0.079000 0.539000 0.371000 0.822000 0.964000 0.488000 0.812000 0.546000 0.939000 0.400000 0.036000 0.700000 0.273000 0.757000 0.169000 0 30 40 72 64 34 91 27 76 39 70 72 38 97 94 10 10 13 84 87 15 19 60 23 28 74 75 19 47 61 63 27 12 246 18 output 27 4 11 | 31 7 20 | 3 13 30 25 29 | 6 5 2 28 15 | 9 16 22 8 21 23 | 14 33 18 12 10 | 32 24 17 26 19
0.404000 0.507000 0.209000 0.103000 0.277000 0.304000 0.515000 0.164000 0.251000 0.870000 0.098000 0.803000 0.695000 0.973000 0.400000 0.120000 0.688000 0.789000 0.013000 0.615000 0.452000 0.026000 0.093000 0.071000 0.311000 0.875000 0.156000 0.257000 0.026000 0.643000 0.657000 0.752000 0.245000 0.869000 0.191000 0.728000 0.644000 0.783000 0.985000 0.438000 0.755000 0.681000 0.401000 0.845000 0.200000 0.012000 0.144000 0.627000 0.229000 0.045000 0.598000 0.545000 0.886000 0.746000 0.213000 0.360000 0.769000 0.094000 0.244000 0.557000 1.000000 0.072000 0.118000 0.250000 0.229000 0.460000 0 16 10 14 20 76 93 28 89 30 10 32 5 98 24 66 82 38 13 96 88 8 19 49 73 65 40 18 66 80 51 35 5 225 25 output 28 3 2 12 23 25 8 11 4 | 26 22 13 5 17 | 14 32 33 30 | 19 9 16 | 18 6 15 10 24 | 7 27 21 | 29 31 20
0.812000 0.268000 0.178000 0.123000 0.715000 0.067000 0.047000 0.983000 0.465000 0.073000 0.512000 0.396000 0.383000 0.297000 0.189000 0.131000 0.237000 0.783000 0.874000 0.752000 0.843000 0.431000 0.785000 0.096000 0.106000 0.765000 0.630000 0.353000 0.419000 0.862000 0.794000 0.334000 0.796000 0.788000 0.095000 0.293000 0.848000 0.594000 0.162000 0.171000 0.921000 0.921000 0.846000 0.110000 0.751000 0.220000 0.845000 0.070000 0.693000 0.253000 0.850000 0.329000 0.952000 0.286000 1.000000 0.160000 0.044000 0.907000 0.351000 0.570000 0.207000 0.820000 0.525000 0.316000 0.114000 0.151000 0 74 90 77 53 78 17 92 17 97 78 50 89 13 83 17 86 27 1 84 33 14 84 73 24 65 10 78 34 91 78 42 92 288 21 output 13 29 4 31 | 23 3 12 | 16 11 27 28 24 22 | 14 6 30 9 15 | 32 7 18 33 20 25 | 8 2 5 | 17 21 10 19 26
